Reference,DOI,Location,Season,Urchin,Food,Compound,Unit,Plant_mean,Plant_sd,Plant_n,Faeces_mean,Faeces_sd,Faeces_n,Percentage_mean,Percentage_sd,Percentage_n,Source,Notes
Bedford & Moore 1985,10.1016/0272-7714(85)90116-7,"Isle of Cumbrae, Scotland",Annual,Psammechinus miliaris,Saccharina latissima,Proteins,mg g^−1,NA,NA,NA,NA,NA,NA,62.79967144,NA,1,Figure 5a,
Bedford & Moore 1985,10.1016/0272-7714(85)90116-7,"Isle of Cumbrae, Scotland",Annual,Psammechinus miliaris,Saccharina latissima,Proteins,mg g^−1,NA,NA,NA,NA,NA,NA,50.80665873,NA,1,Figure 5a,
Bedford & Moore 1985,10.1016/0272-7714(85)90116-7,"Isle of Cumbrae, Scotland",Annual,Psammechinus miliaris,Saccharina latissima,Proteins,mg g^−1,NA,NA,NA,NA,NA,NA,51.1377698,NA,1,Figure 5a,
Bedford & Moore 1985,10.1016/0272-7714(85)90116-7,"Isle of Cumbrae, Scotland",Annual,Psammechinus miliaris,Saccharina latissima,Proteins,mg g^−1,NA,NA,NA,NA,NA,NA,35.0417391,NA,1,Figure 5a,
Bedford & Moore 1985,10.1016/0272-7714(85)90116-7,"Isle of Cumbrae, Scotland",Annual,Psammechinus miliaris,Saccharina latissima,Proteins,mg g^−1,NA,NA,NA,NA,NA,NA,37.90118033,NA,1,Figure 5a,
Bedford & Moore 1985,10.1016/0272-7714(85)90116-7,"Isle of Cumbrae, Scotland",Annual,Psammechinus miliaris,Saccharina latissima,Proteins,mg g^−1,NA,NA,NA,NA,NA,NA,28.01709043,NA,1,Figure 5a,
Bedford & Moore 1985,10.1016/0272-7714(85)90116-7,"Isle of Cumbrae, Scotland",Annual,Psammechinus miliaris,Saccharina latissima,Proteins,mg g^−1,NA,NA,NA,NA,NA,NA,25.98394111,NA,1,Figure 5a,
Bedford & Moore 1985,10.1016/0272-7714(85)90116-7,"Isle of Cumbrae, Scotland",Annual,Psammechinus miliaris,Saccharina latissima,Proteins,mg g^−1,NA,NA,NA,NA,NA,NA,15.37819888,NA,1,Figure 5a,
Bedford & Moore 1985,10.1016/0272-7714(85)90116-7,"Isle of Cumbrae, Scotland",Annual,Psammechinus miliaris,Saccharina latissima,Proteins,mg g^−1,NA,NA,NA,NA,NA,NA,9.027658387,NA,1,Figure 5a,
Bedford & Moore 1985,10.1016/0272-7714(85)90116-7,"Isle of Cumbrae, Scotland",Annual,Psammechinus miliaris,Saccharina latissima,Proteins,mg g^−1,NA,NA,NA,NA,NA,NA,24.24879176,NA,1,Figure 5a,
Bedford & Moore 1985,10.1016/0272-7714(85)90116-7,"Isle of Cumbrae, Scotland",Annual,Psammechinus miliaris,Saccharina latissima,Proteins,mg g^−1,NA,NA,NA,NA,NA,NA,18.51738651,NA,1,Figure 5a,
Bedford & Moore 1985,10.1016/0272-7714(85)90116-7,"Isle of Cumbrae, Scotland",Annual,Psammechinus miliaris,Saccharina latissima,Proteins,mg g^−1,NA,NA,NA,NA,NA,NA,8.473047347,NA,1,Figure 5a,
Bedford & Moore 1985,10.1016/0272-7714(85)90116-7,"Isle of Cumbrae, Scotland",Annual,Psammechinus miliaris,Saccharina latissima,Proteins,mg g^−1,NA,NA,NA,NA,NA,NA,0.025045581,NA,1,Figure 5a,
Bedford & Moore 1985,10.1016/0272-7714(85)90116-7,"Isle of Cumbrae, Scotland",Annual,Psammechinus miliaris,Saccharina latissima,Proteins,mg g^−1,NA,NA,NA,NA,NA,NA,0,NA,1,Figure 5a,
Bedford & Moore 1985,10.1016/0272-7714(85)90116-7,"Isle of Cumbrae, Scotland",Annual,Psammechinus miliaris,Saccharina latissima,Proteins,mg g^−1,NA,NA,NA,NA,NA,NA,2.039092331,NA,1,Figure 5a,
Bedford & Moore 1985,10.1016/0272-7714(85)90116-7,"Isle of Cumbrae, Scotland",Annual,Psammechinus miliaris,Saccharina latissima,Proteins,mg g^−1,NA,NA,NA,NA,NA,NA,6.384500606,NA,1,Figure 5a,
Bedford & Moore 1985,10.1016/0272-7714(85)90116-7,"Isle of Cumbrae, Scotland",Annual,Psammechinus miliaris,Saccharina latissima,Proteins,mg g^−1,NA,NA,NA,NA,NA,NA,11.55131903,NA,1,Figure 5a,
Bedford & Moore 1985,10.1016/0272-7714(85)90116-7,"Isle of Cumbrae, Scotland",Annual,Psammechinus miliaris,Saccharina latissima,Proteins,mg g^−1,NA,NA,NA,NA,NA,NA,12.67582316,NA,1,Figure 5a,
Bedford & Moore 1985,10.1016/0272-7714(85)90116-7,"Isle of Cumbrae, Scotland",Annual,Psammechinus miliaris,Saccharina latissima,Proteins,mg g^−1,NA,NA,NA,NA,NA,NA,1.304704961,NA,1,Figure 5a,
Bedford & Moore 1985,10.1016/0272-7714(85)90116-7,"Isle of Cumbrae, Scotland",Annual,Psammechinus miliaris,Saccharina latissima,Proteins,mg g^−1,NA,NA,NA,NA,NA,NA,0,NA,1,Figure 5a,
Bedford & Moore 1985,10.1016/0272-7714(85)90116-7,"Isle of Cumbrae, Scotland",Annual,Psammechinus miliaris,Saccharina latissima,Proteins,mg g^−1,NA,NA,NA,NA,NA,NA,0,NA,1,Figure 5a,
Bedford & Moore 1985,10.1016/0272-7714(85)90116-7,"Isle of Cumbrae, Scotland",Annual,Psammechinus miliaris,Saccharina latissima,Proteins,mg g^−1,NA,NA,NA,NA,NA,NA,24.18237539,NA,1,Figure 5b,
Bedford & Moore 1985,10.1016/0272-7714(85)90116-7,"Isle of Cumbrae, Scotland",Annual,Psammechinus miliaris,Saccharina latissima,Proteins,mg g^−1,NA,NA,NA,NA,NA,NA,16.38623717,NA,1,Figure 5b,
Bedford & Moore 1985,10.1016/0272-7714(85)90116-7,"Isle of Cumbrae, Scotland",Annual,Psammechinus miliaris,Saccharina latissima,Proteins,mg g^−1,NA,NA,NA,NA,NA,NA,13.95532936,NA,1,Figure 5b,
Bedford & Moore 1985,10.1016/0272-7714(85)90116-7,"Isle of Cumbrae, Scotland",Annual,Psammechinus miliaris,Saccharina latissima,Proteins,mg g^−1,NA,NA,NA,NA,NA,NA,8.673930668,NA,1,Figure 5b,
Bedford & Moore 1985,10.1016/0272-7714(85)90116-7,"Isle of Cumbrae, Scotland",Annual,Psammechinus miliaris,Saccharina latissima,Proteins,mg g^−1,NA,NA,NA,NA,NA,NA,21.2745818,NA,1,Figure 5b,
Bedford & Moore 1985,10.1016/0272-7714(85)90116-7,"Isle of Cumbrae, Scotland",Annual,Psammechinus miliaris,Saccharina latissima,Proteins,mg g^−1,NA,NA,NA,NA,NA,NA,11.18421332,NA,1,Figure 5b,
Bedford & Moore 1985,10.1016/0272-7714(85)90116-7,"Isle of Cumbrae, Scotland",Annual,Psammechinus miliaris,Saccharina latissima,Proteins,mg g^−1,NA,NA,NA,NA,NA,NA,7.281687331,NA,1,Figure 5b,
Bedford & Moore 1985,10.1016/0272-7714(85)90116-7,"Isle of Cumbrae, Scotland",Annual,Psammechinus miliaris,Saccharina latissima,Proteins,mg g^−1,NA,NA,NA,NA,NA,NA,6.994324911,NA,1,Figure 5b,
Bedford & Moore 1985,10.1016/0272-7714(85)90116-7,"Isle of Cumbrae, Scotland",Annual,Psammechinus miliaris,Saccharina latissima,Proteins,mg g^−1,NA,NA,NA,NA,NA,NA,0.212019984,NA,1,Figure 5b,
Bedford & Moore 1985,10.1016/0272-7714(85)90116-7,"Isle of Cumbrae, Scotland",Annual,Psammechinus miliaris,Saccharina latissima,Proteins,mg g^−1,NA,NA,NA,NA,NA,NA,19.03680531,NA,1,Figure 5b,
Bedford & Moore 1985,10.1016/0272-7714(85)90116-7,"Isle of Cumbrae, Scotland",Annual,Psammechinus miliaris,Saccharina latissima,Proteins,mg g^−1,NA,NA,NA,NA,NA,NA,19.01388423,NA,1,Figure 5b,
Bedford & Moore 1985,10.1016/0272-7714(85)90116-7,"Isle of Cumbrae, Scotland",Annual,Psammechinus miliaris,Saccharina latissima,Proteins,mg g^−1,NA,NA,NA,NA,NA,NA,20.06146245,NA,1,Figure 5b,
Bedford & Moore 1985,10.1016/0272-7714(85)90116-7,"Isle of Cumbrae, Scotland",Annual,Psammechinus miliaris,Saccharina latissima,Proteins,mg g^−1,NA,NA,NA,NA,NA,NA,15.91295932,NA,1,Figure 5b,
Bedford & Moore 1985,10.1016/0272-7714(85)90116-7,"Isle of Cumbrae, Scotland",Annual,Psammechinus miliaris,Saccharina latissima,Proteins,mg g^−1,NA,NA,NA,NA,NA,NA,1.366987703,NA,1,Figure 5b,
Bedford & Moore 1985,10.1016/0272-7714(85)90116-7,"Isle of Cumbrae, Scotland",Annual,Psammechinus miliaris,Saccharina latissima,Proteins,mg g^−1,NA,NA,NA,NA,NA,NA,0.40324121,NA,1,Figure 5b,
Bedford & Moore 1985,10.1016/0272-7714(85)90116-7,"Isle of Cumbrae, Scotland",Annual,Psammechinus miliaris,Saccharina latissima,Proteins,mg g^−1,NA,NA,NA,NA,NA,NA,1.07071153,NA,1,Figure 5b,
Bedford & Moore 1985,10.1016/0272-7714(85)90116-7,"Isle of Cumbrae, Scotland",Annual,Psammechinus miliaris,Saccharina latissima,Proteins,mg g^−1,NA,NA,NA,NA,NA,NA,1.871675913,NA,1,Figure 5b,
Bedford & Moore 1985,10.1016/0272-7714(85)90116-7,"Isle of Cumbrae, Scotland",Annual,Psammechinus miliaris,Saccharina latissima,Proteins,mg g^−1,NA,NA,NA,NA,NA,NA,4.70051912,NA,1,Figure 5b,
Bedford & Moore 1985,10.1016/0272-7714(85)90116-7,"Isle of Cumbrae, Scotland",Annual,Psammechinus miliaris,Saccharina latissima,Proteins,mg g^−1,NA,NA,NA,NA,NA,NA,0.75087758,NA,1,Figure 5b,
Bedford & Moore 1985,10.1016/0272-7714(85)90116-7,"Isle of Cumbrae, Scotland",Annual,Psammechinus miliaris,Saccharina latissima,Proteins,mg g^−1,NA,NA,NA,NA,NA,NA,0.74323722,NA,1,Figure 5b,
Bedford & Moore 1985,10.1016/0272-7714(85)90116-7,"Isle of Cumbrae, Scotland",Annual,Psammechinus miliaris,Saccharina latissima,Proteins,mg g^−1,NA,NA,NA,NA,NA,NA,2.764749078,NA,1,Figure 5b,
Bedford & Moore 1985,10.1016/0272-7714(85)90116-7,"Isle of Cumbrae, Scotland",Annual,Psammechinus miliaris,Saccharina latissima,Proteins,mg g^−1,NA,NA,NA,NA,NA,NA,22.62509419,NA,1,Figure 5c,
Bedford & Moore 1985,10.1016/0272-7714(85)90116-7,"Isle of Cumbrae, Scotland",Annual,Psammechinus miliaris,Saccharina latissima,Proteins,mg g^−1,NA,NA,NA,NA,NA,NA,14.45032846,NA,1,Figure 5c,
Bedford & Moore 1985,10.1016/0272-7714(85)90116-7,"Isle of Cumbrae, Scotland",Annual,Psammechinus miliaris,Saccharina latissima,Proteins,mg g^−1,NA,NA,NA,NA,NA,NA,18.20989292,NA,1,Figure 5c,
Bedford & Moore 1985,10.1016/0272-7714(85)90116-7,"Isle of Cumbrae, Scotland",Annual,Psammechinus miliaris,Saccharina latissima,Proteins,mg g^−1,NA,NA,NA,NA,NA,NA,19.97113415,NA,1,Figure 5c,
Bedford & Moore 1985,10.1016/0272-7714(85)90116-7,"Isle of Cumbrae, Scotland",Annual,Psammechinus miliaris,Saccharina latissima,Proteins,mg g^−1,NA,NA,NA,NA,NA,NA,14.51103164,NA,1,Figure 5c,
Bedford & Moore 1985,10.1016/0272-7714(85)90116-7,"Isle of Cumbrae, Scotland",Annual,Psammechinus miliaris,Saccharina latissima,Proteins,mg g^−1,NA,NA,NA,NA,NA,NA,16.80480531,NA,1,Figure 5c,
Bedford & Moore 1985,10.1016/0272-7714(85)90116-7,"Isle of Cumbrae, Scotland",Annual,Psammechinus miliaris,Saccharina latissima,Proteins,mg g^−1,NA,NA,NA,NA,NA,NA,11.448917,NA,1,Figure 5c,
Bedford & Moore 1985,10.1016/0272-7714(85)90116-7,"Isle of Cumbrae, Scotland",Annual,Psammechinus miliaris,Saccharina latissima,Proteins,mg g^−1,NA,NA,NA,NA,NA,NA,15.6389222,NA,1,Figure 5c,
Bedford & Moore 1985,10.1016/0272-7714(85)90116-7,"Isle of Cumbrae, Scotland",Annual,Psammechinus miliaris,Saccharina latissima,Proteins,mg g^−1,NA,NA,NA,NA,NA,NA,14.78653069,NA,1,Figure 5c,
Bedford & Moore 1985,10.1016/0272-7714(85)90116-7,"Isle of Cumbrae, Scotland",Annual,Psammechinus miliaris,Saccharina latissima,Proteins,mg g^−1,NA,NA,NA,NA,NA,NA,19.14017977,NA,1,Figure 5c,
Bedford & Moore 1985,10.1016/0272-7714(85)90116-7,"Isle of Cumbrae, Scotland",Annual,Psammechinus miliaris,Saccharina latissima,Proteins,mg g^−1,NA,NA,NA,NA,NA,NA,14.49108024,NA,1,Figure 5c,
Bedford & Moore 1985,10.1016/0272-7714(85)90116-7,"Isle of Cumbrae, Scotland",Annual,Psammechinus miliaris,Saccharina latissima,Proteins,mg g^−1,NA,NA,NA,NA,NA,NA,3.204109138,NA,1,Figure 5c,
Bedford & Moore 1985,10.1016/0272-7714(85)90116-7,"Isle of Cumbrae, Scotland",Annual,Psammechinus miliaris,Saccharina latissima,Proteins,mg g^−1,NA,NA,NA,NA,NA,NA,6.455549778,NA,1,Figure 5c,
Bedford & Moore 1985,10.1016/0272-7714(85)90116-7,"Isle of Cumbrae, Scotland",Annual,Psammechinus miliaris,Saccharina latissima,Proteins,mg g^−1,NA,NA,NA,NA,NA,NA,9.810143374,NA,1,Figure 5c,
Bedford & Moore 1985,10.1016/0272-7714(85)90116-7,"Isle of Cumbrae, Scotland",Annual,Psammechinus miliaris,Saccharina latissima,Proteins,mg g^−1,NA,NA,NA,NA,NA,NA,0,NA,1,Figure 5c,
Bedford & Moore 1985,10.1016/0272-7714(85)90116-7,"Isle of Cumbrae, Scotland",Annual,Psammechinus miliaris,Saccharina latissima,Proteins,mg g^−1,NA,NA,NA,NA,NA,NA,3.291343429,NA,1,Figure 5c,
Bedford & Moore 1985,10.1016/0272-7714(85)90116-7,"Isle of Cumbrae, Scotland",Annual,Psammechinus miliaris,Saccharina latissima,Proteins,mg g^−1,NA,NA,NA,NA,NA,NA,1.652357554,NA,1,Figure 5c,
Bedford & Moore 1985,10.1016/0272-7714(85)90116-7,"Isle of Cumbrae, Scotland",Annual,Psammechinus miliaris,Saccharina latissima,Proteins,mg g^−1,NA,NA,NA,NA,NA,NA,2.188073735,NA,1,Figure 5c,
Bedford & Moore 1985,10.1016/0272-7714(85)90116-7,"Isle of Cumbrae, Scotland",Annual,Psammechinus miliaris,Saccharina latissima,Proteins,mg g^−1,NA,NA,NA,NA,NA,NA,1.08692653,NA,1,Figure 5c,
Bedford & Moore 1985,10.1016/0272-7714(85)90116-7,"Isle of Cumbrae, Scotland",Annual,Psammechinus miliaris,Saccharina latissima,Proteins,mg g^−1,NA,NA,NA,NA,NA,NA,2.703626272,NA,1,Figure 5c,
Bedford & Moore 1985,10.1016/0272-7714(85)90116-7,"Isle of Cumbrae, Scotland",Annual,Psammechinus miliaris,Saccharina latissima,Proteins,mg g^−1,NA,NA,NA,NA,NA,NA,0,NA,1,Figure 5c,
Bedford & Moore 1985,10.1016/0272-7714(85)90116-7,"Isle of Cumbrae, Scotland",Annual,Psammechinus miliaris,Saccharina latissima,Proteins,mg g^−1,NA,NA,NA,NA,NA,NA,4.036549258,NA,1,Figure 5c,
Bedford & Moore 1985,10.1016/0272-7714(85)90116-7,"Isle of Cumbrae, Scotland",Annual,Psammechinus miliaris,Saccharina latissima,Proteins,mg g^−1,NA,NA,NA,NA,NA,NA,2.944953252,NA,1,Figure 5c,
Bedford & Moore 1985,10.1016/0272-7714(85)90116-7,"Isle of Cumbrae, Scotland",Annual,Psammechinus miliaris,Saccharina latissima,Proteins,mg g^−1,NA,NA,NA,NA,NA,NA,3.751711257,NA,1,Figure 5c,
Bedford & Moore 1985,10.1016/0272-7714(85)90116-7,"Isle of Cumbrae, Scotland",Annual,Psammechinus miliaris,Saccharina latissima,Proteins,mg g^−1,NA,NA,NA,NA,NA,NA,1.300661155,NA,1,Figure 5c,
Bedford & Moore 1985,10.1016/0272-7714(85)90116-7,"Isle of Cumbrae, Scotland",Annual,Psammechinus miliaris,Saccharina latissima,Proteins,mg g^−1,NA,NA,NA,NA,NA,NA,0.751148797,NA,1,Figure 5c,
Bedford & Moore 1985,10.1016/0272-7714(85)90116-7,"Isle of Cumbrae, Scotland",Annual,Psammechinus miliaris,Saccharina latissima,Proteins,mg g^−1,NA,NA,NA,NA,NA,NA,0,NA,1,Figure 5c,
Bedford & Moore 1985,10.1016/0272-7714(85)90116-7,"Isle of Cumbrae, Scotland",Annual,Psammechinus miliaris,Saccharina latissima,Proteins,mg g^−1,NA,NA,NA,NA,NA,NA,0,NA,1,Figure 5c,
Bedford & Moore 1985,10.1016/0272-7714(85)90116-7,"Isle of Cumbrae, Scotland",Annual,Psammechinus miliaris,Saccharina latissima,Proteins,mg g^−1,NA,NA,NA,NA,NA,NA,4.133334748,NA,1,Figure 5c,
Bedford & Moore 1985,10.1016/0272-7714(85)90116-7,"Isle of Cumbrae, Scotland",Annual,Psammechinus miliaris,Saccharina latissima,Proteins,mg g^−1,NA,NA,NA,NA,NA,NA,3.580638657,NA,1,Figure 5c,
Bedford & Moore 1985,10.1016/0272-7714(85)90116-7,"Isle of Cumbrae, Scotland",Annual,Psammechinus miliaris,Saccharina latissima,Proteins,mg g^−1,NA,NA,NA,NA,NA,NA,0.982924577,NA,1,Figure 5c,
Bedford & Moore 1985,10.1016/0272-7714(85)90116-7,"Isle of Cumbrae, Scotland",Annual,Psammechinus miliaris,Saccharina latissima,Proteins,mg g^−1,NA,NA,NA,NA,NA,NA,0.160247907,NA,1,Figure 5c,
Bedford & Moore 1985,10.1016/0272-7714(85)90116-7,"Isle of Cumbrae, Scotland",Annual,Psammechinus miliaris,Saccharina latissima,Proteins,mg g^−1,NA,NA,NA,NA,NA,NA,0,NA,1,Figure 5c,
Bedford & Moore 1985,10.1016/0272-7714(85)90116-7,"Isle of Cumbrae, Scotland",Annual,Psammechinus miliaris,Saccharina latissima,Proteins,mg g^−1,NA,NA,NA,NA,NA,NA,0,NA,1,Figure 5c,
Bedford & Moore 1985,10.1016/0272-7714(85)90116-7,"Isle of Cumbrae, Scotland",Annual,Psammechinus miliaris,Saccharina latissima,Proteins,mg g^−1,NA,NA,NA,NA,NA,NA,3.533943903,NA,1,Figure 5c,
Bedford & Moore 1985,10.1016/0272-7714(85)90116-7,"Isle of Cumbrae, Scotland",Annual,Psammechinus miliaris,Saccharina latissima,Proteins,mg g^−1,NA,NA,NA,NA,NA,NA,7.732614862,NA,1,Figure 5d,
Bedford & Moore 1985,10.1016/0272-7714(85)90116-7,"Isle of Cumbrae, Scotland",Annual,Psammechinus miliaris,Saccharina latissima,Proteins,mg g^−1,NA,NA,NA,NA,NA,NA,7.025773229,NA,1,Figure 5d,
Bedford & Moore 1985,10.1016/0272-7714(85)90116-7,"Isle of Cumbrae, Scotland",Annual,Psammechinus miliaris,Saccharina latissima,Proteins,mg g^−1,NA,NA,NA,NA,NA,NA,17.88877905,NA,1,Figure 5d,
Bedford & Moore 1985,10.1016/0272-7714(85)90116-7,"Isle of Cumbrae, Scotland",Annual,Psammechinus miliaris,Saccharina latissima,Proteins,mg g^−1,NA,NA,NA,NA,NA,NA,11.63510431,NA,1,Figure 5d,
Bedford & Moore 1985,10.1016/0272-7714(85)90116-7,"Isle of Cumbrae, Scotland",Annual,Psammechinus miliaris,Saccharina latissima,Proteins,mg g^−1,NA,NA,NA,NA,NA,NA,11.74881924,NA,1,Figure 5d,
Bedford & Moore 1985,10.1016/0272-7714(85)90116-7,"Isle of Cumbrae, Scotland",Annual,Psammechinus miliaris,Saccharina latissima,Proteins,mg g^−1,NA,NA,NA,NA,NA,NA,9.029998772,NA,1,Figure 5d,
Bedford & Moore 1985,10.1016/0272-7714(85)90116-7,"Isle of Cumbrae, Scotland",Annual,Psammechinus miliaris,Saccharina latissima,Proteins,mg g^−1,NA,NA,NA,NA,NA,NA,2.504958875,NA,1,Figure 5d,
Bedford & Moore 1985,10.1016/0272-7714(85)90116-7,"Isle of Cumbrae, Scotland",Annual,Psammechinus miliaris,Saccharina latissima,Proteins,mg g^−1,NA,NA,NA,NA,NA,NA,12.27281244,NA,1,Figure 5d,
Bedford & Moore 1985,10.1016/0272-7714(85)90116-7,"Isle of Cumbrae, Scotland",Annual,Psammechinus miliaris,Saccharina latissima,Proteins,mg g^−1,NA,NA,NA,NA,NA,NA,6.830648757,NA,1,Figure 5d,
Bedford & Moore 1985,10.1016/0272-7714(85)90116-7,"Isle of Cumbrae, Scotland",Annual,Psammechinus miliaris,Saccharina latissima,Proteins,mg g^−1,NA,NA,NA,NA,NA,NA,9.668999115,NA,1,Figure 5d,
Bedford & Moore 1985,10.1016/0272-7714(85)90116-7,"Isle of Cumbrae, Scotland",Annual,Psammechinus miliaris,Saccharina latissima,Proteins,mg g^−1,NA,NA,NA,NA,NA,NA,7.616961615,NA,1,Figure 5d,
Bedford & Moore 1985,10.1016/0272-7714(85)90116-7,"Isle of Cumbrae, Scotland",Annual,Psammechinus miliaris,Saccharina latissima,Proteins,mg g^−1,NA,NA,NA,NA,NA,NA,5.449916975,NA,1,Figure 5d,
Bedford & Moore 1985,10.1016/0272-7714(85)90116-7,"Isle of Cumbrae, Scotland",Annual,Psammechinus miliaris,Saccharina latissima,Proteins,mg g^−1,NA,NA,NA,NA,NA,NA,4.363164118,NA,1,Figure 5d,
Bedford & Moore 1985,10.1016/0272-7714(85)90116-7,"Isle of Cumbrae, Scotland",Annual,Psammechinus miliaris,Saccharina latissima,Proteins,mg g^−1,NA,NA,NA,NA,NA,NA,5.036408159,NA,1,Figure 5d,
Bedford & Moore 1985,10.1016/0272-7714(85)90116-7,"Isle of Cumbrae, Scotland",Annual,Psammechinus miliaris,Saccharina latissima,Proteins,mg g^−1,NA,NA,NA,NA,NA,NA,1.913124382,NA,1,Figure 5d,
Bedford & Moore 1985,10.1016/0272-7714(85)90116-7,"Isle of Cumbrae, Scotland",Annual,Psammechinus miliaris,Saccharina latissima,Proteins,mg g^−1,NA,NA,NA,NA,NA,NA,5.634703727,NA,1,Figure 5d,
Bedford & Moore 1985,10.1016/0272-7714(85)90116-7,"Isle of Cumbrae, Scotland",Annual,Psammechinus miliaris,Saccharina latissima,Proteins,mg g^−1,NA,NA,NA,NA,NA,NA,8.036931506,NA,1,Figure 5d,
Bedford & Moore 1985,10.1016/0272-7714(85)90116-7,"Isle of Cumbrae, Scotland",Annual,Psammechinus miliaris,Saccharina latissima,Proteins,mg g^−1,NA,NA,NA,NA,NA,NA,76.18565404,NA,1,Figure 6a,
Bedford & Moore 1985,10.1016/0272-7714(85)90116-7,"Isle of Cumbrae, Scotland",Annual,Psammechinus miliaris,Saccharina latissima,Proteins,mg g^−1,NA,NA,NA,NA,NA,NA,71.30907417,NA,1,Figure 6a,
Bedford & Moore 1985,10.1016/0272-7714(85)90116-7,"Isle of Cumbrae, Scotland",Annual,Psammechinus miliaris,Saccharina latissima,Proteins,mg g^−1,NA,NA,NA,NA,NA,NA,67.14485432,NA,1,Figure 6a,
Bedford & Moore 1985,10.1016/0272-7714(85)90116-7,"Isle of Cumbrae, Scotland",Annual,Psammechinus miliaris,Saccharina latissima,Proteins,mg g^−1,NA,NA,NA,NA,NA,NA,55.56374872,NA,1,Figure 6a,
Bedford & Moore 1985,10.1016/0272-7714(85)90116-7,"Isle of Cumbrae, Scotland",Annual,Psammechinus miliaris,Saccharina latissima,Proteins,mg g^−1,NA,NA,NA,NA,NA,NA,54.5694476,NA,1,Figure 6a,
Bedford & Moore 1985,10.1016/0272-7714(85)90116-7,"Isle of Cumbrae, Scotland",Annual,Psammechinus miliaris,Saccharina latissima,Proteins,mg g^−1,NA,NA,NA,NA,NA,NA,55.63365009,NA,1,Figure 6a,
Bedford & Moore 1985,10.1016/0272-7714(85)90116-7,"Isle of Cumbrae, Scotland",Annual,Psammechinus miliaris,Saccharina latissima,Proteins,mg g^−1,NA,NA,NA,NA,NA,NA,53.3265712,NA,1,Figure 6a,
Bedford & Moore 1985,10.1016/0272-7714(85)90116-7,"Isle of Cumbrae, Scotland",Annual,Psammechinus miliaris,Saccharina latissima,Proteins,mg g^−1,NA,NA,NA,NA,NA,NA,50.67432301,NA,1,Figure 6a,
Bedford & Moore 1985,10.1016/0272-7714(85)90116-7,"Isle of Cumbrae, Scotland",Annual,Psammechinus miliaris,Saccharina latissima,Proteins,mg g^−1,NA,NA,NA,NA,NA,NA,42.28665901,NA,1,Figure 6a,
Bedford & Moore 1985,10.1016/0272-7714(85)90116-7,"Isle of Cumbrae, Scotland",Annual,Psammechinus miliaris,Saccharina latissima,Proteins,mg g^−1,NA,NA,NA,NA,NA,NA,39.82693155,NA,1,Figure 6a,
Bedford & Moore 1985,10.1016/0272-7714(85)90116-7,"Isle of Cumbrae, Scotland",Annual,Psammechinus miliaris,Saccharina latissima,Proteins,mg g^−1,NA,NA,NA,NA,NA,NA,36.16736957,NA,1,Figure 6a,
Bedford & Moore 1985,10.1016/0272-7714(85)90116-7,"Isle of Cumbrae, Scotland",Annual,Psammechinus miliaris,Saccharina latissima,Proteins,mg g^−1,NA,NA,NA,NA,NA,NA,33.84627704,NA,1,Figure 6a,
Bedford & Moore 1985,10.1016/0272-7714(85)90116-7,"Isle of Cumbrae, Scotland",Annual,Psammechinus miliaris,Saccharina latissima,Proteins,mg g^−1,NA,NA,NA,NA,NA,NA,35.66721609,NA,1,Figure 6a,
Bedford & Moore 1985,10.1016/0272-7714(85)90116-7,"Isle of Cumbrae, Scotland",Annual,Psammechinus miliaris,Saccharina latissima,Proteins,mg g^−1,NA,NA,NA,NA,NA,NA,42.56376206,NA,1,Figure 6a,
Bedford & Moore 1985,10.1016/0272-7714(85)90116-7,"Isle of Cumbrae, Scotland",Annual,Psammechinus miliaris,Saccharina latissima,Proteins,mg g^−1,NA,NA,NA,NA,NA,NA,45.23002389,NA,1,Figure 6a,
Bedford & Moore 1985,10.1016/0272-7714(85)90116-7,"Isle of Cumbrae, Scotland",Annual,Psammechinus miliaris,Saccharina latissima,Proteins,mg g^−1,NA,NA,NA,NA,NA,NA,32.58605042,NA,1,Figure 6a,
Bedford & Moore 1985,10.1016/0272-7714(85)90116-7,"Isle of Cumbrae, Scotland",Annual,Psammechinus miliaris,Saccharina latissima,Proteins,mg g^−1,NA,NA,NA,NA,NA,NA,34.02011291,NA,1,Figure 6a,
Bedford & Moore 1985,10.1016/0272-7714(85)90116-7,"Isle of Cumbrae, Scotland",Annual,Psammechinus miliaris,Saccharina latissima,Proteins,mg g^−1,NA,NA,NA,NA,NA,NA,25.90638221,NA,1,Figure 6a,
Bedford & Moore 1985,10.1016/0272-7714(85)90116-7,"Isle of Cumbrae, Scotland",Annual,Psammechinus miliaris,Saccharina latissima,Proteins,mg g^−1,NA,NA,NA,NA,NA,NA,23.08346791,NA,1,Figure 6a,
Bedford & Moore 1985,10.1016/0272-7714(85)90116-7,"Isle of Cumbrae, Scotland",Annual,Psammechinus miliaris,Saccharina latissima,Proteins,mg g^−1,NA,NA,NA,NA,NA,NA,16.27083695,NA,1,Figure 6a,
Bedford & Moore 1985,10.1016/0272-7714(85)90116-7,"Isle of Cumbrae, Scotland",Annual,Psammechinus miliaris,Saccharina latissima,Proteins,mg g^−1,NA,NA,NA,NA,NA,NA,17.45332123,NA,1,Figure 6a,
Bedford & Moore 1985,10.1016/0272-7714(85)90116-7,"Isle of Cumbrae, Scotland",Annual,Psammechinus miliaris,Saccharina latissima,Proteins,mg g^−1,NA,NA,NA,NA,NA,NA,19.36818503,NA,1,Figure 6a,
Bedford & Moore 1985,10.1016/0272-7714(85)90116-7,"Isle of Cumbrae, Scotland",Annual,Psammechinus miliaris,Saccharina latissima,Proteins,mg g^−1,NA,NA,NA,NA,NA,NA,28.61885569,NA,1,Figure 6a,
Bedford & Moore 1985,10.1016/0272-7714(85)90116-7,"Isle of Cumbrae, Scotland",Annual,Psammechinus miliaris,Saccharina latissima,Proteins,mg g^−1,NA,NA,NA,NA,NA,NA,99.15356711,NA,1,Figure 6b,
Bedford & Moore 1985,10.1016/0272-7714(85)90116-7,"Isle of Cumbrae, Scotland",Annual,Psammechinus miliaris,Saccharina latissima,Proteins,mg g^−1,NA,NA,NA,NA,NA,NA,99.03264813,NA,1,Figure 6b,
Bedford & Moore 1985,10.1016/0272-7714(85)90116-7,"Isle of Cumbrae, Scotland",Annual,Psammechinus miliaris,Saccharina latissima,Proteins,mg g^−1,NA,NA,NA,NA,NA,NA,81.01571947,NA,1,Figure 6b,
Bedford & Moore 1985,10.1016/0272-7714(85)90116-7,"Isle of Cumbrae, Scotland",Annual,Psammechinus miliaris,Saccharina latissima,Proteins,mg g^−1,NA,NA,NA,NA,NA,NA,74.00241838,NA,1,Figure 6b,
Bedford & Moore 1985,10.1016/0272-7714(85)90116-7,"Isle of Cumbrae, Scotland",Annual,Psammechinus miliaris,Saccharina latissima,Proteins,mg g^−1,NA,NA,NA,NA,NA,NA,59.61305925,NA,1,Figure 6b,
Bedford & Moore 1985,10.1016/0272-7714(85)90116-7,"Isle of Cumbrae, Scotland",Annual,Psammechinus miliaris,Saccharina latissima,Proteins,mg g^−1,NA,NA,NA,NA,NA,NA,55.3808948,NA,1,Figure 6b,
Bedford & Moore 1985,10.1016/0272-7714(85)90116-7,"Isle of Cumbrae, Scotland",Annual,Psammechinus miliaris,Saccharina latissima,Proteins,mg g^−1,NA,NA,NA,NA,NA,NA,55.86457074,NA,1,Figure 6b,
Bedford & Moore 1985,10.1016/0272-7714(85)90116-7,"Isle of Cumbrae, Scotland",Annual,Psammechinus miliaris,Saccharina latissima,Proteins,mg g^−1,NA,NA,NA,NA,NA,NA,45.10278114,NA,1,Figure 6b,
Bedford & Moore 1985,10.1016/0272-7714(85)90116-7,"Isle of Cumbrae, Scotland",Annual,Psammechinus miliaris,Saccharina latissima,Proteins,mg g^−1,NA,NA,NA,NA,NA,NA,49.81862152,NA,1,Figure 6b,
Bedford & Moore 1985,10.1016/0272-7714(85)90116-7,"Isle of Cumbrae, Scotland",Annual,Psammechinus miliaris,Saccharina latissima,Proteins,mg g^−1,NA,NA,NA,NA,NA,NA,47.76299879,NA,1,Figure 6b,
Bedford & Moore 1985,10.1016/0272-7714(85)90116-7,"Isle of Cumbrae, Scotland",Annual,Psammechinus miliaris,Saccharina latissima,Proteins,mg g^−1,NA,NA,NA,NA,NA,NA,47.76299879,NA,1,Figure 6b,
Bedford & Moore 1985,10.1016/0272-7714(85)90116-7,"Isle of Cumbrae, Scotland",Annual,Psammechinus miliaris,Saccharina latissima,Proteins,mg g^−1,NA,NA,NA,NA,NA,NA,43.40991536,NA,1,Figure 6b,
Bedford & Moore 1985,10.1016/0272-7714(85)90116-7,"Isle of Cumbrae, Scotland",Annual,Psammechinus miliaris,Saccharina latissima,Proteins,mg g^−1,NA,NA,NA,NA,NA,NA,32.2853688,NA,1,Figure 6b,
Bedford & Moore 1985,10.1016/0272-7714(85)90116-7,"Isle of Cumbrae, Scotland",Annual,Psammechinus miliaris,Saccharina latissima,Proteins,mg g^−1,NA,NA,NA,NA,NA,NA,26.36033857,NA,1,Figure 6b,
Bedford & Moore 1985,10.1016/0272-7714(85)90116-7,"Isle of Cumbrae, Scotland",Annual,Psammechinus miliaris,Saccharina latissima,Proteins,mg g^−1,NA,NA,NA,NA,NA,NA,21.28174123,NA,1,Figure 6b,
Bedford & Moore 1985,10.1016/0272-7714(85)90116-7,"Isle of Cumbrae, Scotland",Annual,Psammechinus miliaris,Saccharina latissima,Proteins,mg g^−1,NA,NA,NA,NA,NA,NA,24.18379686,NA,1,Figure 6b,
Bedford & Moore 1985,10.1016/0272-7714(85)90116-7,"Isle of Cumbrae, Scotland",Annual,Psammechinus miliaris,Saccharina latissima,Proteins,mg g^−1,NA,NA,NA,NA,NA,NA,28.53688029,NA,1,Figure 6b,
Bedford & Moore 1985,10.1016/0272-7714(85)90116-7,"Isle of Cumbrae, Scotland",Annual,Psammechinus miliaris,Saccharina latissima,Proteins,mg g^−1,NA,NA,NA,NA,NA,NA,26.96493349,NA,1,Figure 6b,
Bedford & Moore 1985,10.1016/0272-7714(85)90116-7,"Isle of Cumbrae, Scotland",Annual,Psammechinus miliaris,Saccharina latissima,Proteins,mg g^−1,NA,NA,NA,NA,NA,NA,19.95163241,NA,1,Figure 6b,
Bedford & Moore 1985,10.1016/0272-7714(85)90116-7,"Isle of Cumbrae, Scotland",Annual,Psammechinus miliaris,Saccharina latissima,Proteins,mg g^−1,NA,NA,NA,NA,NA,NA,17.17049577,NA,1,Figure 6b,
Bedford & Moore 1985,10.1016/0272-7714(85)90116-7,"Isle of Cumbrae, Scotland",Annual,Psammechinus miliaris,Saccharina latissima,Proteins,mg g^−1,NA,NA,NA,NA,NA,NA,19.34703748,NA,1,Figure 6b,
Bedford & Moore 1985,10.1016/0272-7714(85)90116-7,"Isle of Cumbrae, Scotland",Annual,Psammechinus miliaris,Saccharina latissima,Proteins,mg g^−1,NA,NA,NA,NA,NA,NA,22.12817412,NA,1,Figure 6b,
Bedford & Moore 1985,10.1016/0272-7714(85)90116-7,"Isle of Cumbrae, Scotland",Annual,Psammechinus miliaris,Saccharina latissima,Proteins,mg g^−1,NA,NA,NA,NA,NA,NA,23.8210399,NA,1,Figure 6b,
Bedford & Moore 1985,10.1016/0272-7714(85)90116-7,"Isle of Cumbrae, Scotland",Annual,Psammechinus miliaris,Saccharina latissima,Proteins,mg g^−1,NA,NA,NA,NA,NA,NA,26.35784328,NA,1,Figure 6c,
Bedford & Moore 1985,10.1016/0272-7714(85)90116-7,"Isle of Cumbrae, Scotland",Annual,Psammechinus miliaris,Saccharina latissima,Proteins,mg g^−1,NA,NA,NA,NA,NA,NA,28.77915318,NA,1,Figure 6c,
Bedford & Moore 1985,10.1016/0272-7714(85)90116-7,"Isle of Cumbrae, Scotland",Annual,Psammechinus miliaris,Saccharina latissima,Proteins,mg g^−1,NA,NA,NA,NA,NA,NA,26.58592335,NA,1,Figure 6c,
Bedford & Moore 1985,10.1016/0272-7714(85)90116-7,"Isle of Cumbrae, Scotland",Annual,Psammechinus miliaris,Saccharina latissima,Proteins,mg g^−1,NA,NA,NA,NA,NA,NA,36.5106223,NA,1,Figure 6c,
Bedford & Moore 1985,10.1016/0272-7714(85)90116-7,"Isle of Cumbrae, Scotland",Annual,Psammechinus miliaris,Saccharina latissima,Proteins,mg g^−1,NA,NA,NA,NA,NA,NA,37.47043865,NA,1,Figure 6c,
Bedford & Moore 1985,10.1016/0272-7714(85)90116-7,"Isle of Cumbrae, Scotland",Annual,Psammechinus miliaris,Saccharina latissima,Proteins,mg g^−1,NA,NA,NA,NA,NA,NA,41.30327228,NA,1,Figure 6c,
Bedford & Moore 1985,10.1016/0272-7714(85)90116-7,"Isle of Cumbrae, Scotland",Annual,Psammechinus miliaris,Saccharina latissima,Proteins,mg g^−1,NA,NA,NA,NA,NA,NA,35.45531906,NA,1,Figure 6c,
Bedford & Moore 1985,10.1016/0272-7714(85)90116-7,"Isle of Cumbrae, Scotland",Annual,Psammechinus miliaris,Saccharina latissima,Proteins,mg g^−1,NA,NA,NA,NA,NA,NA,34.14967198,NA,1,Figure 6c,
Bedford & Moore 1985,10.1016/0272-7714(85)90116-7,"Isle of Cumbrae, Scotland",Annual,Psammechinus miliaris,Saccharina latissima,Proteins,mg g^−1,NA,NA,NA,NA,NA,NA,30.36581866,NA,1,Figure 6c,
Bedford & Moore 1985,10.1016/0272-7714(85)90116-7,"Isle of Cumbrae, Scotland",Annual,Psammechinus miliaris,Saccharina latissima,Proteins,mg g^−1,NA,NA,NA,NA,NA,NA,24.93296128,NA,1,Figure 6c,
Bedford & Moore 1985,10.1016/0272-7714(85)90116-7,"Isle of Cumbrae, Scotland",Annual,Psammechinus miliaris,Saccharina latissima,Proteins,mg g^−1,NA,NA,NA,NA,NA,NA,22.61703328,NA,1,Figure 6c,
Bedford & Moore 1985,10.1016/0272-7714(85)90116-7,"Isle of Cumbrae, Scotland",Annual,Psammechinus miliaris,Saccharina latissima,Proteins,mg g^−1,NA,NA,NA,NA,NA,NA,19.12359862,NA,1,Figure 6c,
Bedford & Moore 1985,10.1016/0272-7714(85)90116-7,"Isle of Cumbrae, Scotland",Annual,Psammechinus miliaris,Saccharina latissima,Proteins,mg g^−1,NA,NA,NA,NA,NA,NA,14.35618092,NA,1,Figure 6c,
Bedford & Moore 1985,10.1016/0272-7714(85)90116-7,"Isle of Cumbrae, Scotland",Annual,Psammechinus miliaris,Saccharina latissima,Proteins,mg g^−1,NA,NA,NA,NA,NA,NA,18.21028884,NA,1,Figure 6c,
Bedford & Moore 1985,10.1016/0272-7714(85)90116-7,"Isle of Cumbrae, Scotland",Annual,Psammechinus miliaris,Saccharina latissima,Proteins,mg g^−1,NA,NA,NA,NA,NA,NA,21.12090717,NA,1,Figure 6c,
Bedford & Moore 1985,10.1016/0272-7714(85)90116-7,"Isle of Cumbrae, Scotland",Annual,Psammechinus miliaris,Saccharina latissima,Proteins,mg g^−1,NA,NA,NA,NA,NA,NA,21.35690326,NA,1,Figure 6c,
Bedford & Moore 1985,10.1016/0272-7714(85)90116-7,"Isle of Cumbrae, Scotland",Annual,Psammechinus miliaris,Saccharina latissima,Proteins,mg g^−1,NA,NA,NA,NA,NA,NA,25.23970671,NA,1,Figure 6c,
Bedford & Moore 1985,10.1016/0272-7714(85)90116-7,"Isle of Cumbrae, Scotland",Annual,Psammechinus miliaris,Saccharina latissima,Proteins,mg g^−1,NA,NA,NA,NA,NA,NA,26.68141024,NA,1,Figure 6c,
Bedford & Moore 1985,10.1016/0272-7714(85)90116-7,"Isle of Cumbrae, Scotland",Annual,Psammechinus miliaris,Saccharina latissima,Proteins,mg g^−1,NA,NA,NA,NA,NA,NA,17.94757622,NA,1,Figure 6c,
Bedford & Moore 1985,10.1016/0272-7714(85)90116-7,"Isle of Cumbrae, Scotland",Annual,Psammechinus miliaris,Saccharina latissima,Proteins,mg g^−1,NA,NA,NA,NA,NA,NA,21.69085998,NA,1,Figure 6c,
Bedford & Moore 1985,10.1016/0272-7714(85)90116-7,"Isle of Cumbrae, Scotland",Annual,Psammechinus miliaris,Saccharina latissima,Proteins,mg g^−1,NA,NA,NA,NA,NA,NA,19.22403301,NA,1,Figure 6c,
Bedford & Moore 1985,10.1016/0272-7714(85)90116-7,"Isle of Cumbrae, Scotland",Annual,Psammechinus miliaris,Saccharina latissima,Proteins,mg g^−1,NA,NA,NA,NA,NA,NA,17.09957352,NA,1,Figure 6c,
Bedford & Moore 1985,10.1016/0272-7714(85)90116-7,"Isle of Cumbrae, Scotland",Annual,Psammechinus miliaris,Saccharina latissima,Proteins,mg g^−1,NA,NA,NA,NA,NA,NA,26.45983883,NA,1,Figure 6d,
Bedford & Moore 1985,10.1016/0272-7714(85)90116-7,"Isle of Cumbrae, Scotland",Annual,Psammechinus miliaris,Saccharina latissima,Proteins,mg g^−1,NA,NA,NA,NA,NA,NA,55.3221867,NA,1,Figure 6d,
Bedford & Moore 1985,10.1016/0272-7714(85)90116-7,"Isle of Cumbrae, Scotland",Annual,Psammechinus miliaris,Saccharina latissima,Proteins,mg g^−1,NA,NA,NA,NA,NA,NA,18.29181325,NA,1,Figure 6d,
Bedford & Moore 1985,10.1016/0272-7714(85)90116-7,"Isle of Cumbrae, Scotland",Annual,Psammechinus miliaris,Saccharina latissima,Proteins,mg g^−1,NA,NA,NA,NA,NA,NA,26.82873562,NA,1,Figure 6d,
Bedford & Moore 1985,10.1016/0272-7714(85)90116-7,"Isle of Cumbrae, Scotland",Annual,Psammechinus miliaris,Saccharina latissima,Proteins,mg g^−1,NA,NA,NA,NA,NA,NA,14.33631264,NA,1,Figure 6d,
Bedford & Moore 1985,10.1016/0272-7714(85)90116-7,"Isle of Cumbrae, Scotland",Annual,Psammechinus miliaris,Saccharina latissima,Proteins,mg g^−1,NA,NA,NA,NA,NA,NA,31.16888133,NA,1,Figure 6d,
Bedford & Moore 1985,10.1016/0272-7714(85)90116-7,"Isle of Cumbrae, Scotland",Annual,Psammechinus miliaris,Saccharina latissima,Proteins,mg g^−1,NA,NA,NA,NA,NA,NA,21.80383546,NA,1,Figure 6d,
Bedford & Moore 1985,10.1016/0272-7714(85)90116-7,"Isle of Cumbrae, Scotland",Annual,Psammechinus miliaris,Saccharina latissima,Proteins,mg g^−1,NA,NA,NA,NA,NA,NA,18.20861462,NA,1,Figure 6d,
Bedford & Moore 1985,10.1016/0272-7714(85)90116-7,"Isle of Cumbrae, Scotland",Annual,Psammechinus miliaris,Saccharina latissima,Proteins,mg g^−1,NA,NA,NA,NA,NA,NA,36.11756561,NA,1,Figure 6d,
Bedford & Moore 1985,10.1016/0272-7714(85)90116-7,"Isle of Cumbrae, Scotland",Annual,Psammechinus miliaris,Saccharina latissima,Proteins,mg g^−1,NA,NA,NA,NA,NA,NA,46.69374584,NA,1,Figure 6d,
Bedford & Moore 1985,10.1016/0272-7714(85)90116-7,"Isle of Cumbrae, Scotland",Annual,Psammechinus miliaris,Saccharina latissima,Proteins,mg g^−1,NA,NA,NA,NA,NA,NA,80.96742179,NA,1,Figure 6d,
Bedford & Moore 1985,10.1016/0272-7714(85)90116-7,"Isle of Cumbrae, Scotland",Annual,Psammechinus miliaris,Saccharina latissima,Proteins,mg g^−1,NA,NA,NA,NA,NA,NA,48.51520158,NA,1,Figure 6d,
Bedford & Moore 1985,10.1016/0272-7714(85)90116-7,"Isle of Cumbrae, Scotland",Annual,Psammechinus miliaris,Saccharina latissima,Proteins,mg g^−1,NA,NA,NA,NA,NA,NA,41.18332224,NA,1,Figure 6d,
Bedford & Moore 1985,10.1016/0272-7714(85)90116-7,"Isle of Cumbrae, Scotland",Annual,Psammechinus miliaris,Saccharina latissima,Proteins,mg g^−1,NA,NA,NA,NA,NA,NA,33.61610963,NA,1,Figure 6d,
Bedford & Moore 1985,10.1016/0272-7714(85)90116-7,"Isle of Cumbrae, Scotland",Annual,Psammechinus miliaris,Saccharina latissima,Proteins,mg g^−1,NA,NA,NA,NA,NA,NA,28.70872754,NA,1,Figure 6d,
Bedford & Moore 1985,10.1016/0272-7714(85)90116-7,"Isle of Cumbrae, Scotland",Annual,Psammechinus miliaris,Saccharina latissima,Proteins,mg g^−1,NA,NA,NA,NA,NA,NA,27.51883855,NA,1,Figure 6d,
Bedford & Moore 1985,10.1016/0272-7714(85)90116-7,"Isle of Cumbrae, Scotland",Annual,Psammechinus miliaris,Saccharina latissima,Carbon,mg g^−1,NA,NA,NA,NA,NA,NA,66.04394848,NA,1,Figure 8a,
Bedford & Moore 1985,10.1016/0272-7714(85)90116-7,"Isle of Cumbrae, Scotland",Annual,Psammechinus miliaris,Saccharina latissima,Carbon,mg g^−1,NA,NA,NA,NA,NA,NA,64.15722328,NA,1,Figure 8a,
Bedford & Moore 1985,10.1016/0272-7714(85)90116-7,"Isle of Cumbrae, Scotland",Annual,Psammechinus miliaris,Saccharina latissima,Carbon,mg g^−1,NA,NA,NA,NA,NA,NA,70.73159763,NA,1,Figure 8a,
Bedford & Moore 1985,10.1016/0272-7714(85)90116-7,"Isle of Cumbrae, Scotland",Annual,Psammechinus miliaris,Saccharina latissima,Carbon,mg g^−1,NA,NA,NA,NA,NA,NA,73.04075139,NA,1,Figure 8a,
Bedford & Moore 1985,10.1016/0272-7714(85)90116-7,"Isle of Cumbrae, Scotland",Annual,Psammechinus miliaris,Saccharina latissima,Carbon,mg g^−1,NA,NA,NA,NA,NA,NA,68.03649881,NA,1,Figure 8a,
Bedford & Moore 1985,10.1016/0272-7714(85)90116-7,"Isle of Cumbrae, Scotland",Annual,Psammechinus miliaris,Saccharina latissima,Carbon,mg g^−1,NA,NA,NA,NA,NA,NA,72.23765527,NA,1,Figure 8a,
Bedford & Moore 1985,10.1016/0272-7714(85)90116-7,"Isle of Cumbrae, Scotland",Annual,Psammechinus miliaris,Saccharina latissima,Carbon,mg g^−1,NA,NA,NA,NA,NA,NA,71.09776357,NA,1,Figure 8a,
Bedford & Moore 1985,10.1016/0272-7714(85)90116-7,"Isle of Cumbrae, Scotland",Annual,Psammechinus miliaris,Saccharina latissima,Carbon,mg g^−1,NA,NA,NA,NA,NA,NA,57.44737808,NA,1,Figure 8a,
Bedford & Moore 1985,10.1016/0272-7714(85)90116-7,"Isle of Cumbrae, Scotland",Annual,Psammechinus miliaris,Saccharina latissima,Carbon,mg g^−1,NA,NA,NA,NA,NA,NA,56.13599094,NA,1,Figure 8a,
Bedford & Moore 1985,10.1016/0272-7714(85)90116-7,"Isle of Cumbrae, Scotland",Annual,Psammechinus miliaris,Saccharina latissima,Carbon,mg g^−1,NA,NA,NA,NA,NA,NA,64.20632687,NA,1,Figure 8a,
Bedford & Moore 1985,10.1016/0272-7714(85)90116-7,"Isle of Cumbrae, Scotland",Annual,Psammechinus miliaris,Saccharina latissima,Carbon,mg g^−1,NA,NA,NA,NA,NA,NA,64.12918375,NA,1,Figure 8a,
Bedford & Moore 1985,10.1016/0272-7714(85)90116-7,"Isle of Cumbrae, Scotland",Annual,Psammechinus miliaris,Saccharina latissima,Carbon,mg g^−1,NA,NA,NA,NA,NA,NA,63.05840421,NA,1,Figure 8a,
Bedford & Moore 1985,10.1016/0272-7714(85)90116-7,"Isle of Cumbrae, Scotland",Annual,Psammechinus miliaris,Saccharina latissima,Carbon,mg g^−1,NA,NA,NA,NA,NA,NA,68.64992657,NA,1,Figure 8a,
Bedford & Moore 1985,10.1016/0272-7714(85)90116-7,"Isle of Cumbrae, Scotland",Annual,Psammechinus miliaris,Saccharina latissima,Carbon,mg g^−1,NA,NA,NA,NA,NA,NA,67.01115156,NA,1,Figure 8a,
Bedford & Moore 1985,10.1016/0272-7714(85)90116-7,"Isle of Cumbrae, Scotland",Annual,Psammechinus miliaris,Saccharina latissima,Carbon,mg g^−1,NA,NA,NA,NA,NA,NA,66.11806278,NA,1,Figure 8a,
Bedford & Moore 1985,10.1016/0272-7714(85)90116-7,"Isle of Cumbrae, Scotland",Annual,Psammechinus miliaris,Saccharina latissima,Carbon,mg g^−1,NA,NA,NA,NA,NA,NA,62.82445084,NA,1,Figure 8a,
Bedford & Moore 1985,10.1016/0272-7714(85)90116-7,"Isle of Cumbrae, Scotland",Annual,Psammechinus miliaris,Saccharina latissima,Carbon,mg g^−1,NA,NA,NA,NA,NA,NA,56.41629444,NA,1,Figure 8a,
Bedford & Moore 1985,10.1016/0272-7714(85)90116-7,"Isle of Cumbrae, Scotland",Annual,Psammechinus miliaris,Saccharina latissima,Carbon,mg g^−1,NA,NA,NA,NA,NA,NA,59.62863305,NA,1,Figure 8a,
Bedford & Moore 1985,10.1016/0272-7714(85)90116-7,"Isle of Cumbrae, Scotland",Annual,Psammechinus miliaris,Saccharina latissima,Carbon,mg g^−1,NA,NA,NA,NA,NA,NA,59.7144955,NA,1,Figure 8a,
Bedford & Moore 1985,10.1016/0272-7714(85)90116-7,"Isle of Cumbrae, Scotland",Annual,Psammechinus miliaris,Saccharina latissima,Carbon,mg g^−1,NA,NA,NA,NA,NA,NA,55.86527871,NA,1,Figure 8a,
Bedford & Moore 1985,10.1016/0272-7714(85)90116-7,"Isle of Cumbrae, Scotland",Annual,Psammechinus miliaris,Saccharina latissima,Carbon,mg g^−1,NA,NA,NA,NA,NA,NA,59.16210304,NA,1,Figure 8a,
Bedford & Moore 1985,10.1016/0272-7714(85)90116-7,"Isle of Cumbrae, Scotland",Annual,Psammechinus miliaris,Saccharina latissima,Carbon,mg g^−1,NA,NA,NA,NA,NA,NA,60.97558588,NA,1,Figure 8a,
Bedford & Moore 1985,10.1016/0272-7714(85)90116-7,"Isle of Cumbrae, Scotland",Annual,Psammechinus miliaris,Saccharina latissima,Carbon,mg g^−1,NA,NA,NA,NA,NA,NA,47.41634033,NA,1,Figure 8a,
Bedford & Moore 1985,10.1016/0272-7714(85)90116-7,"Isle of Cumbrae, Scotland",Annual,Psammechinus miliaris,Saccharina latissima,Carbon,mg g^−1,NA,NA,NA,NA,NA,NA,51.61015419,NA,1,Figure 8a,
Bedford & Moore 1985,10.1016/0272-7714(85)90116-7,"Isle of Cumbrae, Scotland",Annual,Psammechinus miliaris,Saccharina latissima,Carbon,mg g^−1,NA,NA,NA,NA,NA,NA,62.54662547,NA,1,Figure 8a,
Bedford & Moore 1985,10.1016/0272-7714(85)90116-7,"Isle of Cumbrae, Scotland",Annual,Psammechinus miliaris,Saccharina latissima,Carbon,mg g^−1,NA,NA,NA,NA,NA,NA,62.96492382,NA,1,Figure 8a,
Bedford & Moore 1985,10.1016/0272-7714(85)90116-7,"Isle of Cumbrae, Scotland",Annual,Psammechinus miliaris,Saccharina latissima,Carbon,mg g^−1,NA,NA,NA,NA,NA,NA,65.52363397,NA,1,Figure 8a,
Bedford & Moore 1985,10.1016/0272-7714(85)90116-7,"Isle of Cumbrae, Scotland",Annual,Psammechinus miliaris,Saccharina latissima,Carbon,mg g^−1,NA,NA,NA,NA,NA,NA,56.79622774,NA,1,Figure 8a,
Bedford & Moore 1985,10.1016/0272-7714(85)90116-7,"Isle of Cumbrae, Scotland",Annual,Psammechinus miliaris,Saccharina latissima,Carbon,mg g^−1,NA,NA,NA,NA,NA,NA,52.77161476,NA,1,Figure 8a,
Bedford & Moore 1985,10.1016/0272-7714(85)90116-7,"Isle of Cumbrae, Scotland",Annual,Psammechinus miliaris,Saccharina latissima,Carbon,mg g^−1,NA,NA,NA,NA,NA,NA,60.91863489,NA,1,Figure 8a,
Bedford & Moore 1985,10.1016/0272-7714(85)90116-7,"Isle of Cumbrae, Scotland",Annual,Psammechinus miliaris,Saccharina latissima,Carbon,mg g^−1,NA,NA,NA,NA,NA,NA,57.22209815,NA,1,Figure 8a,
Bedford & Moore 1985,10.1016/0272-7714(85)90116-7,"Isle of Cumbrae, Scotland",Annual,Psammechinus miliaris,Saccharina latissima,Carbon,mg g^−1,NA,NA,NA,NA,NA,NA,54.26367558,NA,1,Figure 8a,
Bedford & Moore 1985,10.1016/0272-7714(85)90116-7,"Isle of Cumbrae, Scotland",Annual,Psammechinus miliaris,Saccharina latissima,Carbon,mg g^−1,NA,NA,NA,NA,NA,NA,56.32258459,NA,1,Figure 8a,
Bedford & Moore 1985,10.1016/0272-7714(85)90116-7,"Isle of Cumbrae, Scotland",Annual,Psammechinus miliaris,Saccharina latissima,Carbon,mg g^−1,NA,NA,NA,NA,NA,NA,52.87835771,NA,1,Figure 8a,
Bedford & Moore 1985,10.1016/0272-7714(85)90116-7,"Isle of Cumbrae, Scotland",Annual,Psammechinus miliaris,Saccharina latissima,Carbon,mg g^−1,NA,NA,NA,NA,NA,NA,58.30526831,NA,1,Figure 8a,
Bedford & Moore 1985,10.1016/0272-7714(85)90116-7,"Isle of Cumbrae, Scotland",Annual,Psammechinus miliaris,Saccharina latissima,Carbon,mg g^−1,NA,NA,NA,NA,NA,NA,61.26828,NA,1,Figure 8a,
Bedford & Moore 1985,10.1016/0272-7714(85)90116-7,"Isle of Cumbrae, Scotland",Annual,Psammechinus miliaris,Saccharina latissima,Carbon,mg g^−1,NA,NA,NA,NA,NA,NA,62.50481858,NA,1,Figure 8a,
Bedford & Moore 1985,10.1016/0272-7714(85)90116-7,"Isle of Cumbrae, Scotland",Annual,Psammechinus miliaris,Saccharina latissima,Carbon,mg g^−1,NA,NA,NA,NA,NA,NA,60.04527932,NA,1,Figure 8a,
Bedford & Moore 1985,10.1016/0272-7714(85)90116-7,"Isle of Cumbrae, Scotland",Annual,Psammechinus miliaris,Saccharina latissima,Carbon,mg g^−1,NA,NA,NA,NA,NA,NA,58.90561708,NA,1,Figure 8a,
Bedford & Moore 1985,10.1016/0272-7714(85)90116-7,"Isle of Cumbrae, Scotland",Annual,Psammechinus miliaris,Saccharina latissima,Carbon,mg g^−1,NA,NA,NA,NA,NA,NA,58.9979043,NA,1,Figure 8a,
Bedford & Moore 1985,10.1016/0272-7714(85)90116-7,"Isle of Cumbrae, Scotland",Annual,Psammechinus miliaris,Saccharina latissima,Carbon,mg g^−1,NA,NA,NA,NA,NA,NA,57.02393991,NA,1,Figure 8a,
Bedford & Moore 1985,10.1016/0272-7714(85)90116-7,"Isle of Cumbrae, Scotland",Annual,Psammechinus miliaris,Saccharina latissima,Carbon,mg g^−1,NA,NA,NA,NA,NA,NA,56.40610659,NA,1,Figure 8a,
Bedford & Moore 1985,10.1016/0272-7714(85)90116-7,"Isle of Cumbrae, Scotland",Annual,Psammechinus miliaris,Saccharina latissima,Carbon,mg g^−1,NA,NA,NA,NA,NA,NA,35.28229211,NA,1,Figure 8a,
Bedford & Moore 1985,10.1016/0272-7714(85)90116-7,"Isle of Cumbrae, Scotland",Annual,Psammechinus miliaris,Saccharina latissima,Carbon,mg g^−1,NA,NA,NA,NA,NA,NA,90.93611602,NA,1,Figure 8b,
Bedford & Moore 1985,10.1016/0272-7714(85)90116-7,"Isle of Cumbrae, Scotland",Annual,Psammechinus miliaris,Saccharina latissima,Carbon,mg g^−1,NA,NA,NA,NA,NA,NA,94.58174114,NA,1,Figure 8b,
Bedford & Moore 1985,10.1016/0272-7714(85)90116-7,"Isle of Cumbrae, Scotland",Annual,Psammechinus miliaris,Saccharina latissima,Carbon,mg g^−1,NA,NA,NA,NA,NA,NA,95.00050773,NA,1,Figure 8b,
Bedford & Moore 1985,10.1016/0272-7714(85)90116-7,"Isle of Cumbrae, Scotland",Annual,Psammechinus miliaris,Saccharina latissima,Carbon,mg g^−1,NA,NA,NA,NA,NA,NA,94.51445488,NA,1,Figure 8b,
Bedford & Moore 1985,10.1016/0272-7714(85)90116-7,"Isle of Cumbrae, Scotland",Annual,Psammechinus miliaris,Saccharina latissima,Carbon,mg g^−1,NA,NA,NA,NA,NA,NA,76.33893244,NA,1,Figure 8b,
Bedford & Moore 1985,10.1016/0272-7714(85)90116-7,"Isle of Cumbrae, Scotland",Annual,Psammechinus miliaris,Saccharina latissima,Carbon,mg g^−1,NA,NA,NA,NA,NA,NA,83.38967204,NA,1,Figure 8b,
Bedford & Moore 1985,10.1016/0272-7714(85)90116-7,"Isle of Cumbrae, Scotland",Annual,Psammechinus miliaris,Saccharina latissima,Carbon,mg g^−1,NA,NA,NA,NA,NA,NA,94.53064749,NA,1,Figure 8b,
Bedford & Moore 1985,10.1016/0272-7714(85)90116-7,"Isle of Cumbrae, Scotland",Annual,Psammechinus miliaris,Saccharina latissima,Carbon,mg g^−1,NA,NA,NA,NA,NA,NA,91.11647612,NA,1,Figure 8b,
Bedford & Moore 1985,10.1016/0272-7714(85)90116-7,"Isle of Cumbrae, Scotland",Annual,Psammechinus miliaris,Saccharina latissima,Carbon,mg g^−1,NA,NA,NA,NA,NA,NA,92.20142696,NA,1,Figure 8b,
Bedford & Moore 1985,10.1016/0272-7714(85)90116-7,"Isle of Cumbrae, Scotland",Annual,Psammechinus miliaris,Saccharina latissima,Carbon,mg g^−1,NA,NA,NA,NA,NA,NA,95.40742719,NA,1,Figure 8b,
Bedford & Moore 1985,10.1016/0272-7714(85)90116-7,"Isle of Cumbrae, Scotland",Annual,Psammechinus miliaris,Saccharina latissima,Carbon,mg g^−1,NA,NA,NA,NA,NA,NA,86.47592012,NA,1,Figure 8b,
Bedford & Moore 1985,10.1016/0272-7714(85)90116-7,"Isle of Cumbrae, Scotland",Annual,Psammechinus miliaris,Saccharina latissima,Carbon,mg g^−1,NA,NA,NA,NA,NA,NA,83.36657241,NA,1,Figure 8b,
Bedford & Moore 1985,10.1016/0272-7714(85)90116-7,"Isle of Cumbrae, Scotland",Annual,Psammechinus miliaris,Saccharina latissima,Carbon,mg g^−1,NA,NA,NA,NA,NA,NA,81.80874236,NA,1,Figure 8b,
Bedford & Moore 1985,10.1016/0272-7714(85)90116-7,"Isle of Cumbrae, Scotland",Annual,Psammechinus miliaris,Saccharina latissima,Carbon,mg g^−1,NA,NA,NA,NA,NA,NA,89.92412343,NA,1,Figure 8b,
Bedford & Moore 1985,10.1016/0272-7714(85)90116-7,"Isle of Cumbrae, Scotland",Annual,Psammechinus miliaris,Saccharina latissima,Carbon,mg g^−1,NA,NA,NA,NA,NA,NA,86.65028804,NA,1,Figure 8b,
Bedford & Moore 1985,10.1016/0272-7714(85)90116-7,"Isle of Cumbrae, Scotland",Annual,Psammechinus miliaris,Saccharina latissima,Carbon,mg g^−1,NA,NA,NA,NA,NA,NA,83.29763945,NA,1,Figure 8b,
Bedford & Moore 1985,10.1016/0272-7714(85)90116-7,"Isle of Cumbrae, Scotland",Annual,Psammechinus miliaris,Saccharina latissima,Carbon,mg g^−1,NA,NA,NA,NA,NA,NA,77.98101896,NA,1,Figure 8b,
Bedford & Moore 1985,10.1016/0272-7714(85)90116-7,"Isle of Cumbrae, Scotland",Annual,Psammechinus miliaris,Saccharina latissima,Carbon,mg g^−1,NA,NA,NA,NA,NA,NA,90.92888881,NA,1,Figure 8b,
Bedford & Moore 1985,10.1016/0272-7714(85)90116-7,"Isle of Cumbrae, Scotland",Annual,Psammechinus miliaris,Saccharina latissima,Carbon,mg g^−1,NA,NA,NA,NA,NA,NA,89.20657109,NA,1,Figure 8b,
Bedford & Moore 1985,10.1016/0272-7714(85)90116-7,"Isle of Cumbrae, Scotland",Annual,Psammechinus miliaris,Saccharina latissima,Carbon,mg g^−1,NA,NA,NA,NA,NA,NA,87.24150139,NA,1,Figure 8b,
Bedford & Moore 1985,10.1016/0272-7714(85)90116-7,"Isle of Cumbrae, Scotland",Annual,Psammechinus miliaris,Saccharina latissima,Carbon,mg g^−1,NA,NA,NA,NA,NA,NA,85.04712782,NA,1,Figure 8b,
Bedford & Moore 1985,10.1016/0272-7714(85)90116-7,"Isle of Cumbrae, Scotland",Annual,Psammechinus miliaris,Saccharina latissima,Carbon,mg g^−1,NA,NA,NA,NA,NA,NA,79.39878748,NA,1,Figure 8b,
Bedford & Moore 1985,10.1016/0272-7714(85)90116-7,"Isle of Cumbrae, Scotland",Annual,Psammechinus miliaris,Saccharina latissima,Carbon,mg g^−1,NA,NA,NA,NA,NA,NA,78.91685139,NA,1,Figure 8b,
Bedford & Moore 1985,10.1016/0272-7714(85)90116-7,"Isle of Cumbrae, Scotland",Annual,Psammechinus miliaris,Saccharina latissima,Carbon,mg g^−1,NA,NA,NA,NA,NA,NA,72.03553958,NA,1,Figure 8b,
Bedford & Moore 1985,10.1016/0272-7714(85)90116-7,"Isle of Cumbrae, Scotland",Annual,Psammechinus miliaris,Saccharina latissima,Carbon,mg g^−1,NA,NA,NA,NA,NA,NA,81.15047146,NA,1,Figure 8b,
Bedford & Moore 1985,10.1016/0272-7714(85)90116-7,"Isle of Cumbrae, Scotland",Annual,Psammechinus miliaris,Saccharina latissima,Carbon,mg g^−1,NA,NA,NA,NA,NA,NA,79.11015643,NA,1,Figure 8b,
Bedford & Moore 1985,10.1016/0272-7714(85)90116-7,"Isle of Cumbrae, Scotland",Annual,Psammechinus miliaris,Saccharina latissima,Carbon,mg g^−1,NA,NA,NA,NA,NA,NA,85.11107492,NA,1,Figure 8b,
Bedford & Moore 1985,10.1016/0272-7714(85)90116-7,"Isle of Cumbrae, Scotland",Annual,Psammechinus miliaris,Saccharina latissima,Carbon,mg g^−1,NA,NA,NA,NA,NA,NA,68.86768805,NA,1,Figure 8b,
Bedford & Moore 1985,10.1016/0272-7714(85)90116-7,"Isle of Cumbrae, Scotland",Annual,Psammechinus miliaris,Saccharina latissima,Carbon,mg g^−1,NA,NA,NA,NA,NA,NA,64.45588702,NA,1,Figure 8b,
Bedford & Moore 1985,10.1016/0272-7714(85)90116-7,"Isle of Cumbrae, Scotland",Annual,Psammechinus miliaris,Saccharina latissima,Carbon,mg g^−1,NA,NA,NA,NA,NA,NA,72.39827242,NA,1,Figure 8b,
Bedford & Moore 1985,10.1016/0272-7714(85)90116-7,"Isle of Cumbrae, Scotland",Annual,Psammechinus miliaris,Saccharina latissima,Carbon,mg g^−1,NA,NA,NA,NA,NA,NA,75.77095594,NA,1,Figure 8b,
Bedford & Moore 1985,10.1016/0272-7714(85)90116-7,"Isle of Cumbrae, Scotland",Annual,Psammechinus miliaris,Saccharina latissima,Carbon,mg g^−1,NA,NA,NA,NA,NA,NA,74.71207795,NA,1,Figure 8b,
Bedford & Moore 1985,10.1016/0272-7714(85)90116-7,"Isle of Cumbrae, Scotland",Annual,Psammechinus miliaris,Saccharina latissima,Carbon,mg g^−1,NA,NA,NA,NA,NA,NA,67.34608555,NA,1,Figure 8b,
Bedford & Moore 1985,10.1016/0272-7714(85)90116-7,"Isle of Cumbrae, Scotland",Annual,Psammechinus miliaris,Saccharina latissima,Carbon,mg g^−1,NA,NA,NA,NA,NA,NA,73.09052952,NA,1,Figure 8b,
Bedford & Moore 1985,10.1016/0272-7714(85)90116-7,"Isle of Cumbrae, Scotland",Annual,Psammechinus miliaris,Saccharina latissima,Carbon,mg g^−1,NA,NA,NA,NA,NA,NA,68.43954437,NA,1,Figure 8b,
Bedford & Moore 1985,10.1016/0272-7714(85)90116-7,"Isle of Cumbrae, Scotland",Annual,Psammechinus miliaris,Saccharina latissima,Carbon,mg g^−1,NA,NA,NA,NA,NA,NA,72.53691596,NA,1,Figure 8b,
Bedford & Moore 1985,10.1016/0272-7714(85)90116-7,"Isle of Cumbrae, Scotland",Annual,Psammechinus miliaris,Saccharina latissima,Carbon,mg g^−1,NA,NA,NA,NA,NA,NA,79.25621014,NA,1,Figure 8b,
Bedford & Moore 1985,10.1016/0272-7714(85)90116-7,"Isle of Cumbrae, Scotland",Annual,Psammechinus miliaris,Saccharina latissima,Carbon,mg g^−1,NA,NA,NA,NA,NA,NA,67.80025634,NA,1,Figure 8b,
Bedford & Moore 1985,10.1016/0272-7714(85)90116-7,"Isle of Cumbrae, Scotland",Annual,Psammechinus miliaris,Saccharina latissima,Carbon,mg g^−1,NA,NA,NA,NA,NA,NA,72.07474035,NA,1,Figure 8b,
Bedford & Moore 1985,10.1016/0272-7714(85)90116-7,"Isle of Cumbrae, Scotland",Annual,Psammechinus miliaris,Saccharina latissima,Carbon,mg g^−1,NA,NA,NA,NA,NA,NA,76.7402714,NA,1,Figure 8b,
Bedford & Moore 1985,10.1016/0272-7714(85)90116-7,"Isle of Cumbrae, Scotland",Annual,Psammechinus miliaris,Saccharina latissima,Carbon,mg g^−1,NA,NA,NA,NA,NA,NA,75.43397576,NA,1,Figure 8b,
Bedford & Moore 1985,10.1016/0272-7714(85)90116-7,"Isle of Cumbrae, Scotland",Annual,Psammechinus miliaris,Saccharina latissima,Carbon,mg g^−1,NA,NA,NA,NA,NA,NA,73.57077316,NA,1,Figure 8b,
Bedford & Moore 1985,10.1016/0272-7714(85)90116-7,"Isle of Cumbrae, Scotland",Annual,Psammechinus miliaris,Saccharina latissima,Carbon,mg g^−1,NA,NA,NA,NA,NA,NA,68.98844652,NA,1,Figure 8b,
Bedford & Moore 1985,10.1016/0272-7714(85)90116-7,"Isle of Cumbrae, Scotland",Annual,Psammechinus miliaris,Saccharina latissima,Carbon,mg g^−1,NA,NA,NA,NA,NA,NA,68.19317879,NA,1,Figure 8b,
Bedford & Moore 1985,10.1016/0272-7714(85)90116-7,"Isle of Cumbrae, Scotland",Annual,Psammechinus miliaris,Saccharina latissima,Carbon,mg g^−1,NA,NA,NA,NA,NA,NA,68.85469737,NA,1,Figure 8b,
Bedford & Moore 1985,10.1016/0272-7714(85)90116-7,"Isle of Cumbrae, Scotland",Annual,Psammechinus miliaris,Saccharina latissima,Carbon,mg g^−1,NA,NA,NA,NA,NA,NA,76.13693645,NA,1,Figure 8b,
Bedford & Moore 1985,10.1016/0272-7714(85)90116-7,"Isle of Cumbrae, Scotland",Annual,Psammechinus miliaris,Saccharina latissima,Carbon,mg g^−1,NA,NA,NA,NA,NA,NA,67.48907456,NA,1,Figure 8b,
Bedford & Moore 1985,10.1016/0272-7714(85)90116-7,"Isle of Cumbrae, Scotland",Annual,Psammechinus miliaris,Saccharina latissima,Carbon,mg g^−1,NA,NA,NA,NA,NA,NA,64.43795622,NA,1,Figure 8b,
Bedford & Moore 1985,10.1016/0272-7714(85)90116-7,"Isle of Cumbrae, Scotland",Annual,Psammechinus miliaris,Saccharina latissima,Carbon,mg g^−1,NA,NA,NA,NA,NA,NA,59.52912429,NA,1,Figure 8b,
Dethier et al. 2019,10.1016/j.jembe.2019.03.016,"San Juan Island, Washington, USA",NA,Strongylocentrotus droebachiensis,Nereocystis luetkeana,Carbohydrates,%,5.217391304,1.49068323,5,6.149068323,2.422360248,5,NA,NA,NA,Figure 3,
Dethier et al. 2019,10.1016/j.jembe.2019.03.016,"San Juan Island, Washington, USA",NA,Mesocentrotus franciscanus,Nereocystis luetkeana,Carbohydrates,%,5.217391304,1.49068323,5,9.409937888,2.888198758,5,NA,NA,NA,Figure 3,
Dethier et al. 2019,10.1016/j.jembe.2019.03.016,"San Juan Island, Washington, USA",NA,Strongylocentrotus droebachiensis,Pyropia sp.,Carbohydrates,%,80.68322981,8.198757764,5,24.22360248,7.453416149,5,NA,NA,NA,Figure 3,
Dethier et al. 2019,10.1016/j.jembe.2019.03.016,"San Juan Island, Washington, USA",NA,Mesocentrotus franciscanus,Pyropia sp.,Carbohydrates,%,80.68322981,8.198757764,5,14.9068323,4.285714286,5,NA,NA,NA,Figure 3,
Dethier et al. 2019,10.1016/j.jembe.2019.03.016,"San Juan Island, Washington, USA",NA,Strongylocentrotus droebachiensis,Ulva sp.,Carbohydrates,%,36.14906832,5.031055901,5,12.29813665,1.863354037,5,NA,NA,NA,Figure 3,
Dethier et al. 2019,10.1016/j.jembe.2019.03.016,"San Juan Island, Washington, USA",NA,Mesocentrotus franciscanus,Ulva sp.,Carbohydrates,%,36.14906832,5.031055901,5,9.50310559,2.795031056,5,NA,NA,NA,Figure 3,
Dethier et al. 2019,10.1016/j.jembe.2019.03.016,"San Juan Island, Washington, USA",NA,Strongylocentrotus droebachiensis,Nereocystis luetkeana,Proteins,%,9.333333333,1.304109589,5,11.22557078,1.892237443,5,NA,NA,NA,Figure 4,
Dethier et al. 2019,10.1016/j.jembe.2019.03.016,"San Juan Island, Washington, USA",NA,Mesocentrotus franciscanus,Nereocystis luetkeana,Proteins,%,9.333333333,1.304109589,5,11.66027397,0.869406393,5,NA,NA,NA,Figure 4,
Dethier et al. 2019,10.1016/j.jembe.2019.03.016,"San Juan Island, Washington, USA",NA,Strongylocentrotus droebachiensis,Pyropia sp.,Proteins,%,8.131506849,0.40913242,5,9.742465753,1.43196347,5,NA,NA,NA,Figure 4,
Dethier et al. 2019,10.1016/j.jembe.2019.03.016,"San Juan Island, Washington, USA",NA,Mesocentrotus franciscanus,Pyropia sp.,Proteins,%,8.131506849,0.40913242,5,10.40730594,1.406392694,5,NA,NA,NA,Figure 4,
Dethier et al. 2019,10.1016/j.jembe.2019.03.016,"San Juan Island, Washington, USA",NA,Strongylocentrotus droebachiensis,Ulva sp.,Proteins,%,7.773515982,0.434703196,3,10.81643836,0.536986301,5,NA,NA,NA,Figure 4,
Dethier et al. 2019,10.1016/j.jembe.2019.03.016,"San Juan Island, Washington, USA",NA,Mesocentrotus franciscanus,Ulva sp.,Proteins,%,7.773515982,0.434703196,3,9.461187215,1.099543379,5,NA,NA,NA,Figure 4,
Dethier et al. 2019,10.1016/j.jembe.2019.03.016,"San Juan Island, Washington, USA",NA,Mesocentrotus franciscanus,Neoagarum fimbriatum,Calories,mg^−1,3.69,0.36,5,4.84,1.35,5,NA,NA,NA,Table S2,
Dethier et al. 2019,10.1016/j.jembe.2019.03.016,"San Juan Island, Washington, USA",NA,Mesocentrotus franciscanus,Saccharina latissima,Calories,mg^−1,2.29,0.08,5,8.7,1.63,5,NA,NA,NA,Table S2,
Dethier et al. 2019,10.1016/j.jembe.2019.03.016,"San Juan Island, Washington, USA",NA,Mesocentrotus franciscanus,Nereocystis luetkeana,Calories,mg^−1,1.17,0.11,5,4.05,1.51,5,NA,NA,NA,Table S2,
Dethier et al. 2019,10.1016/j.jembe.2019.03.016,"San Juan Island, Washington, USA",NA,Mesocentrotus franciscanus,Nereocystis luetkeana,Calories,mg^−1,2.65,0.21,5,7.28,0.68,5,NA,NA,NA,Table S2,
Dethier et al. 2019,10.1016/j.jembe.2019.03.016,"San Juan Island, Washington, USA",NA,Mesocentrotus franciscanus,Nereocystis luetkeana,Calories,mg^−1,2.04,0.08,5,12.28,3.72,15,NA,NA,NA,Table S2,
Dethier et al. 2019,10.1016/j.jembe.2019.03.016,"San Juan Island, Washington, USA",NA,Mesocentrotus franciscanus,Nereocystis luetkeana,Calories,mg^−1,3.91,1.27,5,5.76,0.63,5,NA,NA,NA,Table S2,
Dethier et al. 2019,10.1016/j.jembe.2019.03.016,"San Juan Island, Washington, USA",NA,Mesocentrotus franciscanus,Ulva sp.,Calories,mg^−1,3.62,1.61,5,3.91,1.96,5,NA,NA,NA,Table S2,
Dethier et al. 2019,10.1016/j.jembe.2019.03.016,"San Juan Island, Washington, USA",NA,Mesocentrotus franciscanus,Pyropia sp.,Calories,mg^−1,6.39,1.26,5,3.23,1.72,5,NA,NA,NA,Table S2,
Dethier et al. 2019,10.1016/j.jembe.2019.03.016,"San Juan Island, Washington, USA",NA,Strongylocentrotus droebachiensis,Saccharina latissima,Calories,mg^−1,4.1,0.96,4,11.93,0.73,7,NA,NA,NA,Table S2,
Dethier et al. 2019,10.1016/j.jembe.2019.03.016,"San Juan Island, Washington, USA",NA,Strongylocentrotus droebachiensis,Nereocystis luetkeana,Calories,mg^−1,1.17,0.11,5,3.87,0.91,5,NA,NA,NA,Table S2,
Dethier et al. 2019,10.1016/j.jembe.2019.03.016,"San Juan Island, Washington, USA",NA,Strongylocentrotus droebachiensis,Nereocystis luetkeana,Calories,mg^−1,6.83,1.83,4,12.31,1.02,7,NA,NA,NA,Table S2,
Dethier et al. 2019,10.1016/j.jembe.2019.03.016,"San Juan Island, Washington, USA",NA,Strongylocentrotus droebachiensis,Ulva sp.,Calories,mg^−1,3.62,1.61,5,2.26,0.82,5,NA,NA,NA,Table S2,
Dethier et al. 2019,10.1016/j.jembe.2019.03.016,"San Juan Island, Washington, USA",NA,Strongylocentrotus droebachiensis,Pyropia sp.,Calories,mg^−1,6.39,1.26,5,3.5,1.23,5,NA,NA,NA,Table S2,
Dethier et al. 2019,10.1016/j.jembe.2019.03.016,"San Juan Island, Washington, USA",NA,Strongylocentrotus droebachiensis,Ulva sp.,Calories,mg^−1,1.71,0.21,19,1.62,0.89,20,NA,NA,NA,Table S2,
Dethier et al. 2019,10.1016/j.jembe.2019.03.016,"San Juan Island, Washington, USA",NA,Strongylocentrotus droebachiensis,Nereocystis luetkeana,Carbon,%,20.02956393,0.7390983,3,17.59053954,3.806356245,3,NA,NA,NA,Figure S1,using minimum of sample size range 3–4
Dethier et al. 2019,10.1016/j.jembe.2019.03.016,"San Juan Island, Washington, USA",NA,Strongylocentrotus droebachiensis,Pyropia sp.,Carbon,%,29.78566149,0.923872875,3,17.7383592,2.29120473,3,NA,NA,NA,Figure S1,using minimum of sample size range 3–4
Dethier et al. 2019,10.1016/j.jembe.2019.03.016,"San Juan Island, Washington, USA",NA,Strongylocentrotus droebachiensis,Ulva sp.,Carbon,%,30.52475979,3.067257945,3,12.04730229,4.4345898,3,NA,NA,NA,Figure S1,using minimum of sample size range 3–4
Dethier et al. 2019,10.1016/j.jembe.2019.03.016,"San Juan Island, Washington, USA",NA,Strongylocentrotus droebachiensis,Nereocystis luetkeana,Nitrogen,%,2.29120473,0.332594235,3,0.702143385,0.36954915,3,NA,NA,NA,Figure S1,using minimum of sample size range 3–4
Dethier et al. 2019,10.1016/j.jembe.2019.03.016,"San Juan Island, Washington, USA",NA,Strongylocentrotus droebachiensis,Pyropia sp.,Nitrogen,%,3.436807095,0.332594235,3,2.36511456,0.332594235,3,NA,NA,NA,Figure S1,using minimum of sample size range 3–4
Dethier et al. 2019,10.1016/j.jembe.2019.03.016,"San Juan Island, Washington, USA",NA,Strongylocentrotus droebachiensis,Ulva sp.,Nitrogen,%,4.4345898,0.51736881,3,1.441241685,0.7390983,3,NA,NA,NA,Figure S1,using minimum of sample size range 3–4
Sauchyn & Scheibling 2009,10.3354/meps08296,"Splitnose Point, Nova Scotia, Canada",Autumn,Strongylocentrotus droebachiensis,Codium fragile,Carbon,%,16.53374233,1.6364161,12,21.59509202,4.675474573,12,NA,NA,NA,"Figure 3a, b",s.d. calculated as s.e.m. * √n
Sauchyn & Scheibling 2009,10.3354/meps08296,"Splitnose Point, Nova Scotia, Canada",Autumn,Strongylocentrotus droebachiensis,Saccharina latissima,Carbon,%,32.89570552,2.231476501,12,22.33128834,1.912694143,12,NA,NA,NA,"Figure 3a, b",s.d. calculated as s.e.m. * √n
Sauchyn & Scheibling 2009,10.3354/meps08296,"Splitnose Point, Nova Scotia, Canada",Autumn,Strongylocentrotus droebachiensis,Saccharina latissima,Carbon,%,27.01226994,3.272832201,12,16.50306748,1.487651,12,NA,NA,NA,"Figure 3a, b",s.d. calculated as s.e.m. * √n
Sauchyn & Scheibling 2009,10.3354/meps08296,"Splitnose Point, Nova Scotia, Canada",Autumn,Strongylocentrotus droebachiensis,Codium fragile,Nitrogen,%,1.717791411,0.4462953,12,2.54601227,0.7438255,12,NA,NA,NA,"Figure 3a, b",s.d. calculated as s.e.m. * √n
Sauchyn & Scheibling 2009,10.3354/meps08296,"Splitnose Point, Nova Scotia, Canada",Autumn,Strongylocentrotus droebachiensis,Saccharina latissima,Nitrogen,%,1.245398773,0.7438255,12,0.797546012,0.212521571,12,NA,NA,NA,"Figure 3a, b",s.d. calculated as s.e.m. * √n
Sauchyn & Scheibling 2009,10.3354/meps08296,"Splitnose Point, Nova Scotia, Canada",Autumn,Strongylocentrotus droebachiensis,Saccharina latissima,Nitrogen,%,1.717791411,0.5950604,12,1.625766871,0.7438255,12,NA,NA,NA,"Figure 3a, b",s.d. calculated as s.e.m. * √n
Hollertz 2002,10.1007/s00227-001-0764-7,"Gullmarsfjord, Skagerrak, Sweden",NA,Brissopsis lyrifera,Enteromorpha sp.,Carbon,%,4.8,0.6,16,3.1,0.3,16,NA,NA,NA,Table 3,"assuming gut content to be representative of plant material, n calculated as 48 / 3"
Hollertz 2002,10.1007/s00227-001-0764-7,"Gullmarsfjord, Skagerrak, Sweden",NA,Brissopsis lyrifera,Enteromorpha sp.,Nitrogen,%,0.68,0.12,16,0.34,0.02,16,NA,NA,NA,Table 3,"assuming gut content to be representative of plant material, n calculated as 48 / 3"
Lowe & Lawrence 1976,10.1016/0022-0981(76)90117-9,"Tampa Bay, Florida, USA","Spring, Summer",Lytechinus variegatus,Thalassia testudinum,Carbohydrates,%,63.9,3.04,4,NA,NA,NA,87,9,17,"Table 1, 2","assuming ash fractions in plant and faeces are identical, which is the assumption of the Conover ratio"
Lowe & Lawrence 1976,10.1016/0022-0981(76)90117-9,"Tampa Bay, Florida, USA","Spring, Summer",Lytechinus variegatus,Syringodium filiforme,Carbohydrates,%,66.26,NA,2,NA,NA,NA,96,10,23,"Table 1, 2","assuming ash fractions in plant and faeces are identical, which is the assumption of the Conover ratio"
Lowe & Lawrence 1976,10.1016/0022-0981(76)90117-9,"Tampa Bay, Florida, USA","Spring, Summer",Lytechinus variegatus,Sargassum sp.,Carbohydrates,%,65.91,NA,2,NA,NA,NA,93,8,18,"Table 1, 2","assuming ash fractions in plant and faeces are identical, which is the assumption of the Conover ratio"
Lowe & Lawrence 1976,10.1016/0022-0981(76)90117-9,"Tampa Bay, Florida, USA","Spring, Summer",Lytechinus variegatus,Ulva lactuca,Carbohydrates,%,61.23,NA,2,NA,NA,NA,85,3,18,"Table 1, 2","assuming ash fractions in plant and faeces are identical, which is the assumption of the Conover ratio"
Lowe & Lawrence 1976,10.1016/0022-0981(76)90117-9,"Tampa Bay, Florida, USA","Spring, Summer",Lytechinus variegatus,Eucheumatopsis isiformis,Carbohydrates,%,52.72,2.82,4,NA,NA,NA,134,17,27,"Table 1, 2","assuming ash fractions in plant and faeces are identical, which is the assumption of the Conover ratio"
Lowe & Lawrence 1976,10.1016/0022-0981(76)90117-9,"Tampa Bay, Florida, USA","Spring, Summer",Lytechinus variegatus,Halimeda incrassata,Carbohydrates,%,22.82,3.76,5,NA,NA,NA,65,11,21,"Table 1, 2","assuming ash fractions in plant and faeces are identical, which is the assumption of the Conover ratio"
Lowe & Lawrence 1976,10.1016/0022-0981(76)90117-9,"Tampa Bay, Florida, USA","Spring, Summer",Lytechinus variegatus,Thalassia testudinum,Proteins,%,9.11,2.08,4,NA,NA,NA,53,2,17,"Table 1, 2","assuming ash fractions in plant and faeces are identical, which is the assumption of the Conover ratio"
Lowe & Lawrence 1976,10.1016/0022-0981(76)90117-9,"Tampa Bay, Florida, USA","Spring, Summer",Lytechinus variegatus,Syringodium filiforme,Proteins,%,3.1,NA,2,NA,NA,NA,109,14,23,"Table 1, 2","assuming ash fractions in plant and faeces are identical, which is the assumption of the Conover ratio"
Lowe & Lawrence 1976,10.1016/0022-0981(76)90117-9,"Tampa Bay, Florida, USA","Spring, Summer",Lytechinus variegatus,Sargassum sp.,Proteins,%,4.15,NA,2,NA,NA,NA,135,2,18,"Table 1, 2","assuming ash fractions in plant and faeces are identical, which is the assumption of the Conover ratio"
Lowe & Lawrence 1976,10.1016/0022-0981(76)90117-9,"Tampa Bay, Florida, USA","Spring, Summer",Lytechinus variegatus,Ulva lactuca,Proteins,%,3.4,NA,2,NA,NA,NA,91,14,18,"Table 1, 2","assuming ash fractions in plant and faeces are identical, which is the assumption of the Conover ratio"
Lowe & Lawrence 1976,10.1016/0022-0981(76)90117-9,"Tampa Bay, Florida, USA","Spring, Summer",Lytechinus variegatus,Eucheumatopsis isiformis,Proteins,%,1.62,0.28,4,NA,NA,NA,142,36,27,"Table 1, 2","assuming ash fractions in plant and faeces are identical, which is the assumption of the Conover ratio"
Lowe & Lawrence 1976,10.1016/0022-0981(76)90117-9,"Tampa Bay, Florida, USA","Spring, Summer",Lytechinus variegatus,Halimeda incrassata,Proteins,%,4.27,0.84,5,NA,NA,NA,35,12,21,"Table 1, 2","assuming ash fractions in plant and faeces are identical, which is the assumption of the Conover ratio"
Lowe & Lawrence 1976,10.1016/0022-0981(76)90117-9,"Tampa Bay, Florida, USA","Spring, Summer",Lytechinus variegatus,Thalassia testudinum,Lipids,%,2.33,0.77,4,NA,NA,NA,33,6,17,"Table 1, 2","assuming ash fractions in plant and faeces are identical, which is the assumption of the Conover ratio"
Lowe & Lawrence 1976,10.1016/0022-0981(76)90117-9,"Tampa Bay, Florida, USA","Spring, Summer",Lytechinus variegatus,Syringodium filiforme,Lipids,%,3.43,NA,2,NA,NA,NA,43,7,23,"Table 1, 2","assuming ash fractions in plant and faeces are identical, which is the assumption of the Conover ratio"
Lowe & Lawrence 1976,10.1016/0022-0981(76)90117-9,"Tampa Bay, Florida, USA","Spring, Summer",Lytechinus variegatus,Sargassum sp.,Lipids,%,2.09,NA,2,NA,NA,NA,57,6,18,"Table 1, 2","assuming ash fractions in plant and faeces are identical, which is the assumption of the Conover ratio"
Lowe & Lawrence 1976,10.1016/0022-0981(76)90117-9,"Tampa Bay, Florida, USA","Spring, Summer",Lytechinus variegatus,Ulva lactuca,Lipids,%,1.88,NA,2,NA,NA,NA,153,28,18,"Table 1, 2","assuming ash fractions in plant and faeces are identical, which is the assumption of the Conover ratio"
Lowe & Lawrence 1976,10.1016/0022-0981(76)90117-9,"Tampa Bay, Florida, USA","Spring, Summer",Lytechinus variegatus,Eucheumatopsis isiformis,Lipids,%,0.72,0.26,4,NA,NA,NA,156,42,27,"Table 1, 2","assuming ash fractions in plant and faeces are identical, which is the assumption of the Conover ratio"
Lowe & Lawrence 1976,10.1016/0022-0981(76)90117-9,"Tampa Bay, Florida, USA","Spring, Summer",Lytechinus variegatus,Halimeda incrassata,Lipids,%,2.89,1.01,5,NA,NA,NA,29,7,21,"Table 1, 2","assuming ash fractions in plant and faeces are identical, which is the assumption of the Conover ratio"
Leighton 1968 in Lawrence 1975 and Lowe & Lawrence 1976,10.1016/0022-0981(76)90117-9,NA,NA,Strongylocentrotus purpuratus ,Macrocystis pyrifera,Carbohydrates,NA,NA,NA,NA,NA,NA,NA,33.9,NA,NA,"Table 7 in Lawrence 1975, Table 5 in Lowe & Lawrence 1976",
Leighton 1968 in Lawrence 1975 and Lowe & Lawrence 1976,10.1016/0022-0981(76)90117-9,NA,NA,Strongylocentrotus purpuratus ,Egregia menziesii,Carbohydrates,NA,NA,NA,NA,NA,NA,NA,64.6,NA,NA,"Table 7 in Lawrence 1975, Table 5 in Lowe & Lawrence 1976",
Leighton 1968 in Lawrence 1975 and Lowe & Lawrence 1976,10.1016/0022-0981(76)90117-9,NA,NA,Strongylocentrotus purpuratus ,Pterygophora californica,Carbohydrates,NA,NA,NA,NA,NA,NA,NA,46.4,NA,NA,"Table 7 in Lawrence 1975, Table 5 in Lowe & Lawrence 1976",
Leighton 1968 in Lawrence 1975 and Lowe & Lawrence 1976,10.1016/0022-0981(76)90117-9,NA,NA,Strongylocentrotus purpuratus ,Stephanocystis osmundacea,Carbohydrates,NA,NA,NA,NA,NA,NA,NA,67.8,NA,NA,"Table 7 in Lawrence 1975, Table 5 in Lowe & Lawrence 1976",
Leighton 1968 in Lawrence 1975 and Lowe & Lawrence 1976,10.1016/0022-0981(76)90117-9,NA,NA,Strongylocentrotus purpuratus ,Macrocystis pyrifera,Proteins,NA,NA,NA,NA,NA,NA,NA,52.4,NA,NA,"Table 7 in Lawrence 1975, Table 5 in Lowe & Lawrence 1976",
Leighton 1968 in Lawrence 1975 and Lowe & Lawrence 1976,10.1016/0022-0981(76)90117-9,NA,NA,Strongylocentrotus purpuratus ,Egregia menziesii,Proteins,NA,NA,NA,NA,NA,NA,NA,64.6,NA,NA,"Table 7 in Lawrence 1975, Table 5 in Lowe & Lawrence 1976",
Leighton 1968 in Lawrence 1975 and Lowe & Lawrence 1976,10.1016/0022-0981(76)90117-9,NA,NA,Strongylocentrotus purpuratus ,Pterygophora californica,Proteins,NA,NA,NA,NA,NA,NA,NA,95.2,NA,NA,"Table 7 in Lawrence 1975, Table 5 in Lowe & Lawrence 1976",
Leighton 1968 in Lawrence 1975 and Lowe & Lawrence 1976,10.1016/0022-0981(76)90117-9,NA,NA,Strongylocentrotus purpuratus ,Stephanocystis osmundacea,Proteins,NA,NA,NA,NA,NA,NA,NA,133.4,NA,NA,"Table 7 in Lawrence 1975, Table 5 in Lowe & Lawrence 1976",
Leighton 1968 in Lawrence 1975 and Lowe & Lawrence 1976,10.1016/0022-0981(76)90117-9,NA,NA,Strongylocentrotus purpuratus ,Macrocystis pyrifera,Lipids,NA,NA,NA,NA,NA,NA,NA,98.5,NA,NA,"Table 7 in Lawrence 1975, Table 5 in Lowe & Lawrence 1976",
Leighton 1968 in Lawrence 1975 and Lowe & Lawrence 1976,10.1016/0022-0981(76)90117-9,NA,NA,Strongylocentrotus purpuratus ,Egregia menziesii,Lipids,NA,NA,NA,NA,NA,NA,NA,81,NA,NA,"Table 7 in Lawrence 1975, Table 5 in Lowe & Lawrence 1976",
Leighton 1968 in Lawrence 1975 and Lowe & Lawrence 1976,10.1016/0022-0981(76)90117-9,NA,NA,Strongylocentrotus purpuratus ,Pterygophora californica,Lipids,NA,NA,NA,NA,NA,NA,NA,122.6,NA,NA,"Table 7 in Lawrence 1975, Table 5 in Lowe & Lawrence 1976",
Leighton 1968 in Lawrence 1975 and Lowe & Lawrence 1976,10.1016/0022-0981(76)90117-9,NA,NA,Strongylocentrotus purpuratus ,Stephanocystis osmundacea,Lipids,NA,NA,NA,NA,NA,NA,NA,201.4,NA,NA,"Table 7 in Lawrence 1975, Table 5 in Lowe & Lawrence 1976",
Klumpp et al. 1993,10.1016/0304-3770(93)90022-O,"Santiago Island, Bolinao, Philippines",Wet season,"Tripneustes gratilla, Salmacis sphaeroides",Thalassia hemprichii,Carbon,%,49,6,5,17,3,5,NA,NA,NA,Table 6,
Klumpp et al. 1993,10.1016/0304-3770(93)90022-O,"Santiago Island, Bolinao, Philippines",Wet season,"Tripneustes gratilla, Salmacis sphaeroides",Thalassia hemprichii,Nitrogen,%,2,0.3,5,0.6,0.2,5,NA,NA,NA,Table 6,
Fuji 1967,hdl.handle.net/2115/21847,"Sumiyoshi, Hakodate, Japan",Winter,Strongylocentrotus intermedius,Saccharina japonica,Nitrogen,%,1.4,NA,6,1.15,NA,6,NA,NA,NA,Table 21,using midpoint of sample size range 5–8
Fuji 1967,hdl.handle.net/2115/21847,"Sumiyoshi, Hakodate, Japan",Summer,Strongylocentrotus intermedius,Saccharina japonica,Nitrogen,%,1.54,NA,6,1.26,NA,6,NA,NA,NA,Table 21,using midpoint of sample size range 5–8
Fuji 1967,hdl.handle.net/2115/21847,"Sumiyoshi, Hakodate, Japan",Summer,Strongylocentrotus intermedius,Alaria crassifolia,Nitrogen,%,1.91,NA,6,1.86,NA,6,NA,NA,NA,Table 21,using midpoint of sample size range 5–8
Fuji 1967,hdl.handle.net/2115/21847,"Sumiyoshi, Hakodate, Japan",Summer,Strongylocentrotus intermedius,Agarum clathratum,Nitrogen,%,1.97,NA,6,1.9,NA,6,NA,NA,NA,Table 21,using midpoint of sample size range 5–8
Fuji 1967,hdl.handle.net/2115/21847,"Sumiyoshi, Hakodate, Japan",Winter,Strongylocentrotus intermedius,Sargassum siliquastrum,Nitrogen,%,2.16,NA,6,2.16,NA,6,NA,NA,NA,Table 21,using midpoint of sample size range 5–8
Fuji 1967,hdl.handle.net/2115/21847,"Sumiyoshi, Hakodate, Japan",Winter,Strongylocentrotus intermedius,Sargassum thunbergii,Nitrogen,%,2.2,NA,6,1.62,NA,6,NA,NA,NA,Table 21,using midpoint of sample size range 5–8
Fuji 1967,hdl.handle.net/2115/21847,"Sumiyoshi, Hakodate, Japan",Winter,Strongylocentrotus intermedius,Scytosiphon lomentaria,Nitrogen,%,3.2,NA,6,2.41,NA,6,NA,NA,NA,Table 21,using midpoint of sample size range 5–8
Fuji 1967,hdl.handle.net/2115/21847,"Sumiyoshi, Hakodate, Japan",Winter,Strongylocentrotus intermedius,Ulva australis,Nitrogen,%,5.36,NA,6,2.76,NA,6,NA,NA,NA,Table 21,using midpoint of sample size range 5–8
Fuji 1967,hdl.handle.net/2115/21847,"Sumiyoshi, Hakodate, Japan",Summer,Strongylocentrotus intermedius,Ulva australis,Nitrogen,%,3.41,NA,6,2.21,NA,6,NA,NA,NA,Table 21,using midpoint of sample size range 5–8
Fuji 1967,hdl.handle.net/2115/21847,"Sumiyoshi, Hakodate, Japan",Winter,Strongylocentrotus intermedius,Chondrus ocellatus,Nitrogen,%,2.81,NA,6,1.95,NA,6,NA,NA,NA,Table 21,using midpoint of sample size range 5–8
Fuji 1967,hdl.handle.net/2115/21847,"Sumiyoshi, Hakodate, Japan",Summer,Strongylocentrotus intermedius,Chondrus ocellatus,Nitrogen,%,3.11,NA,6,1.95,NA,6,NA,NA,NA,Table 21,using midpoint of sample size range 5–8
Fuji 1967,hdl.handle.net/2115/21847,"Sumiyoshi, Hakodate, Japan",Summer,Strongylocentrotus intermedius,Grateloupia elliptica,Nitrogen,%,1.82,NA,6,0.94,NA,6,NA,NA,NA,Table 21,using midpoint of sample size range 5–8
Fuji 1967,hdl.handle.net/2115/21847,"Sumiyoshi, Hakodate, Japan",Winter,Strongylocentrotus intermedius,Rhodymenia palmata,Nitrogen,%,3.64,NA,6,3.02,NA,6,NA,NA,NA,Table 21,using midpoint of sample size range 5–8
Fuji 1967,hdl.handle.net/2115/21847,"Sumiyoshi, Hakodate, Japan",Winter,Strongylocentrotus intermedius,Rhodoglossum pulchrum,Nitrogen,%,4.45,NA,6,0.93,NA,6,NA,NA,NA,Table 21,using midpoint of sample size range 5–8
Fuji 1967,hdl.handle.net/2115/21847,"Sumiyoshi, Hakodate, Japan",Summer,Strongylocentrotus intermedius,Phyllospadix iwatensis,Nitrogen,%,2.05,NA,6,0.99,NA,6,NA,NA,NA,Table 21,using midpoint of sample size range 5–8
Fuji 1967,hdl.handle.net/2115/21847,"Sumiyoshi, Hakodate, Japan","Winter, Spring",Strongylocentrotus intermedius,Saccharina japonica,Calories,kcal g^−1,3.538961039,NA,NA,2.991596639,NA,NA,NA,NA,NA,"Table 26, 27",divided absolute calories in Table 27 by mass in Table 26 to get calorific content
Fuji 1967,hdl.handle.net/2115/21847,"Sumiyoshi, Hakodate, Japan","Spring, Summer",Strongylocentrotus intermedius,Saccharina japonica,Calories,kcal g^−1,3.68452381,NA,NA,3.111111111,NA,NA,NA,NA,NA,"Table 26, 27",divided absolute calories in Table 27 by mass in Table 26 to get calorific content
Fuji 1967,hdl.handle.net/2115/21847,"Sumiyoshi, Hakodate, Japan",Summer,Strongylocentrotus intermedius,Saccharina japonica,Calories,kcal g^−1,3.840399002,NA,NA,3.007194245,NA,NA,NA,NA,NA,"Table 26, 27",divided absolute calories in Table 27 by mass in Table 26 to get calorific content
Fuji 1967,hdl.handle.net/2115/21847,"Sumiyoshi, Hakodate, Japan","Summer, Autumn",Strongylocentrotus intermedius,Saccharina japonica,Calories,kcal g^−1,3.890410959,NA,NA,3.103448276,NA,NA,NA,NA,NA,"Table 26, 27",divided absolute calories in Table 27 by mass in Table 26 to get calorific content
Fuji 1967,hdl.handle.net/2115/21847,"Sumiyoshi, Hakodate, Japan",Autumn,Strongylocentrotus intermedius,Saccharina japonica,Calories,kcal g^−1,3.895953757,NA,NA,3.118644068,NA,NA,NA,NA,NA,"Table 26, 27",divided absolute calories in Table 27 by mass in Table 26 to get calorific content
Fuji 1967,hdl.handle.net/2115/21847,"Sumiyoshi, Hakodate, Japan","Autumn, Winter",Strongylocentrotus intermedius,Saccharina japonica,Calories,kcal g^−1,3.72688172,NA,NA,3.343195266,NA,NA,NA,NA,NA,"Table 26, 27",divided absolute calories in Table 27 by mass in Table 26 to get calorific content
Fuji 1967,hdl.handle.net/2115/21847,"Sumiyoshi, Hakodate, Japan",Winter,Strongylocentrotus intermedius,Saccharina japonica,Calories,kcal g^−1,3.666666667,NA,NA,3.374193548,NA,NA,NA,NA,NA,"Table 26, 27",divided absolute calories in Table 27 by mass in Table 26 to get calorific content
Fuji 1967,hdl.handle.net/2115/21847,"Sumiyoshi, Hakodate, Japan","Winter, Spring",Strongylocentrotus intermedius,Saccharina japonica,Calories,kcal g^−1,3.5374211,NA,NA,2.992610837,NA,NA,NA,NA,NA,"Table 26, 27",divided absolute calories in Table 27 by mass in Table 26 to get calorific content
Fuji 1967,hdl.handle.net/2115/21847,"Sumiyoshi, Hakodate, Japan","Spring, Summer",Strongylocentrotus intermedius,Saccharina japonica,Calories,kcal g^−1,3.682377049,NA,NA,3.109034268,NA,NA,NA,NA,NA,"Table 26, 27",divided absolute calories in Table 27 by mass in Table 26 to get calorific content
Fuji 1967,hdl.handle.net/2115/21847,"Sumiyoshi, Hakodate, Japan",Summer,Strongylocentrotus intermedius,Saccharina japonica,Calories,kcal g^−1,3.84047619,NA,NA,3.013888889,NA,NA,NA,NA,NA,"Table 26, 27",divided absolute calories in Table 27 by mass in Table 26 to get calorific content
Fuji 1967,hdl.handle.net/2115/21847,"Sumiyoshi, Hakodate, Japan","Summer, Autumn",Strongylocentrotus intermedius,Saccharina japonica,Calories,kcal g^−1,3.967213115,NA,NA,3.173913043,NA,NA,NA,NA,NA,"Table 26, 27",divided absolute calories in Table 27 by mass in Table 26 to get calorific content
Fuji 1967,hdl.handle.net/2115/21847,"Sumiyoshi, Hakodate, Japan",Autumn,Strongylocentrotus intermedius,Saccharina japonica,Calories,kcal g^−1,3.95212766,NA,NA,3.215,NA,NA,NA,NA,NA,"Table 26, 27",divided absolute calories in Table 27 by mass in Table 26 to get calorific content
Fuji 1967,hdl.handle.net/2115/21847,"Sumiyoshi, Hakodate, Japan","Autumn, Winter",Strongylocentrotus intermedius,Saccharina japonica,Calories,kcal g^−1,3.728362184,NA,NA,3.343234323,NA,NA,NA,NA,NA,"Table 26, 27",divided absolute calories in Table 27 by mass in Table 26 to get calorific content
Fuji 1967,hdl.handle.net/2115/21847,"Sumiyoshi, Hakodate, Japan",Winter,Strongylocentrotus intermedius,Saccharina japonica,Calories,kcal g^−1,3.670951157,NA,NA,3.37037037,NA,NA,NA,NA,NA,"Table 26, 27",divided absolute calories in Table 27 by mass in Table 26 to get calorific content
Fuji 1967,hdl.handle.net/2115/21847,"Sumiyoshi, Hakodate, Japan","Winter, Spring",Strongylocentrotus intermedius,Saccharina japonica,Calories,kcal g^−1,3.537593985,NA,NA,3.061349693,NA,NA,NA,NA,NA,"Table 26, 27",divided absolute calories in Table 27 by mass in Table 26 to get calorific content
Fuji 1967,hdl.handle.net/2115/21847,"Sumiyoshi, Hakodate, Japan","Spring, Summer",Strongylocentrotus intermedius,Saccharina japonica,Calories,kcal g^−1,3.684140677,NA,NA,3.190217391,NA,NA,NA,NA,NA,"Table 26, 27",divided absolute calories in Table 27 by mass in Table 26 to get calorific content
Fuji 1967,hdl.handle.net/2115/21847,"Sumiyoshi, Hakodate, Japan",Summer,Strongylocentrotus intermedius,Saccharina japonica,Calories,kcal g^−1,3.83988764,NA,NA,3.165137615,NA,NA,NA,NA,NA,"Table 26, 27",divided absolute calories in Table 27 by mass in Table 26 to get calorific content
Fuji 1967,hdl.handle.net/2115/21847,"Sumiyoshi, Hakodate, Japan","Summer, Autumn",Strongylocentrotus intermedius,Saccharina japonica,Calories,kcal g^−1,3.898148148,NA,NA,3.24742268,NA,NA,NA,NA,NA,"Table 26, 27",divided absolute calories in Table 27 by mass in Table 26 to get calorific content
Fuji 1967,hdl.handle.net/2115/21847,"Sumiyoshi, Hakodate, Japan",Autumn,Strongylocentrotus intermedius,Saccharina japonica,Calories,kcal g^−1,3.601190476,NA,NA,3.42,NA,NA,NA,NA,NA,"Table 26, 27",divided absolute calories in Table 27 by mass in Table 26 to get calorific content
Fuji 1967,hdl.handle.net/2115/21847,"Sumiyoshi, Hakodate, Japan","Autumn, Winter",Strongylocentrotus intermedius,Saccharina japonica,Calories,kcal g^−1,3.719476744,NA,NA,3.52892562,NA,NA,NA,NA,NA,"Table 26, 27",divided absolute calories in Table 27 by mass in Table 26 to get calorific content
Fuji 1967,hdl.handle.net/2115/21847,"Sumiyoshi, Hakodate, Japan",Winter,Strongylocentrotus intermedius,Saccharina japonica,Calories,kcal g^−1,3.667621777,NA,NA,3.414414414,NA,NA,NA,NA,NA,"Table 26, 27",divided absolute calories in Table 27 by mass in Table 26 to get calorific content
Mamelona & Pelletier 2005,10.1016/j.jembe.2004.08.026,"St. Lawrence Estuary, Canada","Summer, Autumn",Strongylocentrotus droebachiensis,Alaria esculenta,Carbohydrates,mg g^−1,NA,NA,NA,NA,NA,NA,76.7,8.6,6,Table 3,using midpoint of sample size range 5–8
Mamelona & Pelletier 2005,10.1016/j.jembe.2004.08.026,"St. Lawrence Estuary, Canada","Summer, Autumn",Strongylocentrotus droebachiensis,Alaria esculenta,Carbohydrates,mg g^−1,NA,NA,NA,NA,NA,NA,67.5,6.9,6,Table 3,using midpoint of sample size range 5–8
Mamelona & Pelletier 2005,10.1016/j.jembe.2004.08.026,"St. Lawrence Estuary, Canada","Summer, Autumn",Strongylocentrotus droebachiensis,Alaria esculenta,Carbohydrates,mg g^−1,NA,NA,NA,NA,NA,NA,59.9,18.5,6,Table 3,using midpoint of sample size range 5–8
Mamelona & Pelletier 2005,10.1016/j.jembe.2004.08.026,"St. Lawrence Estuary, Canada","Summer, Autumn",Strongylocentrotus droebachiensis,Alaria esculenta,Proteins,mg g^−1,NA,NA,NA,NA,NA,NA,37.7,19.2,6,Table 3,using midpoint of sample size range 5–8
Mamelona & Pelletier 2005,10.1016/j.jembe.2004.08.026,"St. Lawrence Estuary, Canada","Summer, Autumn",Strongylocentrotus droebachiensis,Alaria esculenta,Proteins,mg g^−1,NA,NA,NA,NA,NA,NA,39.1,10.5,6,Table 3,using midpoint of sample size range 5–8
Mamelona & Pelletier 2005,10.1016/j.jembe.2004.08.026,"St. Lawrence Estuary, Canada","Summer, Autumn",Strongylocentrotus droebachiensis,Alaria esculenta,Proteins,mg g^−1,NA,NA,NA,NA,NA,NA,41.1,14.2,6,Table 3,using midpoint of sample size range 5–8
Mamelona & Pelletier 2005,10.1016/j.jembe.2004.08.026,"St. Lawrence Estuary, Canada","Summer, Autumn",Strongylocentrotus droebachiensis,Alaria esculenta,Lipids,mg g^−1,NA,NA,NA,NA,NA,NA,47.4,17,6,Table 3,using midpoint of sample size range 5–8
Mamelona & Pelletier 2005,10.1016/j.jembe.2004.08.026,"St. Lawrence Estuary, Canada","Summer, Autumn",Strongylocentrotus droebachiensis,Alaria esculenta,Lipids,mg g^−1,NA,NA,NA,NA,NA,NA,45.7,15.2,6,Table 3,using midpoint of sample size range 5–8
Mamelona & Pelletier 2005,10.1016/j.jembe.2004.08.026,"St. Lawrence Estuary, Canada","Summer, Autumn",Strongylocentrotus droebachiensis,Alaria esculenta,Lipids,mg g^−1,NA,NA,NA,NA,NA,NA,45.8,12.2,6,Table 3,using midpoint of sample size range 5–8
Mamelona & Pelletier 2005,10.1016/j.jembe.2004.08.026,"St. Lawrence Estuary, Canada","Summer, Autumn",Strongylocentrotus droebachiensis,Saccharina latissima,Carbohydrates,mg g^−1,NA,NA,NA,NA,NA,NA,52.8,16.2,6,Table 3,using midpoint of sample size range 5–8
Mamelona & Pelletier 2005,10.1016/j.jembe.2004.08.026,"St. Lawrence Estuary, Canada","Summer, Autumn",Strongylocentrotus droebachiensis,Saccharina latissima,Carbohydrates,mg g^−1,NA,NA,NA,NA,NA,NA,57.9,8.2,6,Table 3,using midpoint of sample size range 5–8
Mamelona & Pelletier 2005,10.1016/j.jembe.2004.08.026,"St. Lawrence Estuary, Canada","Summer, Autumn",Strongylocentrotus droebachiensis,Saccharina latissima,Carbohydrates,mg g^−1,NA,NA,NA,NA,NA,NA,66.8,9.4,6,Table 3,using midpoint of sample size range 5–8
Mamelona & Pelletier 2005,10.1016/j.jembe.2004.08.026,"St. Lawrence Estuary, Canada","Summer, Autumn",Strongylocentrotus droebachiensis,Saccharina latissima,Proteins,mg g^−1,NA,NA,NA,NA,NA,NA,75.6,19.7,6,Table 3,using midpoint of sample size range 5–8
Mamelona & Pelletier 2005,10.1016/j.jembe.2004.08.026,"St. Lawrence Estuary, Canada","Summer, Autumn",Strongylocentrotus droebachiensis,Saccharina latissima,Proteins,mg g^−1,NA,NA,NA,NA,NA,NA,79.9,23.7,6,Table 3,using midpoint of sample size range 5–8
Mamelona & Pelletier 2005,10.1016/j.jembe.2004.08.026,"St. Lawrence Estuary, Canada","Summer, Autumn",Strongylocentrotus droebachiensis,Saccharina latissima,Proteins,mg g^−1,NA,NA,NA,NA,NA,NA,86.7,16.1,6,Table 3,using midpoint of sample size range 5–8
Mamelona & Pelletier 2005,10.1016/j.jembe.2004.08.026,"St. Lawrence Estuary, Canada","Summer, Autumn",Strongylocentrotus droebachiensis,Saccharina latissima,Lipids,mg g^−1,NA,NA,NA,NA,NA,NA,41.6,7.7,6,Table 3,using midpoint of sample size range 5–8
Mamelona & Pelletier 2005,10.1016/j.jembe.2004.08.026,"St. Lawrence Estuary, Canada","Summer, Autumn",Strongylocentrotus droebachiensis,Saccharina latissima,Lipids,mg g^−1,NA,NA,NA,NA,NA,NA,40.5,8.4,6,Table 3,using midpoint of sample size range 5–8
Mamelona & Pelletier 2005,10.1016/j.jembe.2004.08.026,"St. Lawrence Estuary, Canada","Summer, Autumn",Strongylocentrotus droebachiensis,Saccharina latissima,Lipids,mg g^−1,NA,NA,NA,NA,NA,NA,38.7,12.6,6,Table 3,using midpoint of sample size range 5–8
Mamelona & Pelletier 2005,10.1016/j.jembe.2004.08.026,"St. Lawrence Estuary, Canada","Summer, Autumn",Strongylocentrotus droebachiensis,Ulvaria obscura,Carbohydrates,mg g^−1,NA,NA,NA,NA,NA,NA,52.7,7,6,Table 3,using midpoint of sample size range 5–8
Mamelona & Pelletier 2005,10.1016/j.jembe.2004.08.026,"St. Lawrence Estuary, Canada","Summer, Autumn",Strongylocentrotus droebachiensis,Ulvaria obscura,Carbohydrates,mg g^−1,NA,NA,NA,NA,NA,NA,51.2,10.6,6,Table 3,using midpoint of sample size range 5–8
Mamelona & Pelletier 2005,10.1016/j.jembe.2004.08.026,"St. Lawrence Estuary, Canada","Summer, Autumn",Strongylocentrotus droebachiensis,Ulvaria obscura,Carbohydrates,mg g^−1,NA,NA,NA,NA,NA,NA,51.6,6.8,6,Table 3,using midpoint of sample size range 5–8
Mamelona & Pelletier 2005,10.1016/j.jembe.2004.08.026,"St. Lawrence Estuary, Canada","Summer, Autumn",Strongylocentrotus droebachiensis,Ulvaria obscura,Proteins,mg g^−1,NA,NA,NA,NA,NA,NA,47,18.3,6,Table 3,using midpoint of sample size range 5–8
Mamelona & Pelletier 2005,10.1016/j.jembe.2004.08.026,"St. Lawrence Estuary, Canada","Summer, Autumn",Strongylocentrotus droebachiensis,Ulvaria obscura,Proteins,mg g^−1,NA,NA,NA,NA,NA,NA,74.9,7.2,6,Table 3,using midpoint of sample size range 5–8
Mamelona & Pelletier 2005,10.1016/j.jembe.2004.08.026,"St. Lawrence Estuary, Canada","Summer, Autumn",Strongylocentrotus droebachiensis,Ulvaria obscura,Proteins,mg g^−1,NA,NA,NA,NA,NA,NA,70.7,24.4,6,Table 3,using midpoint of sample size range 5–8
Mamelona & Pelletier 2005,10.1016/j.jembe.2004.08.026,"St. Lawrence Estuary, Canada","Summer, Autumn",Strongylocentrotus droebachiensis,Ulvaria obscura,Lipids,mg g^−1,NA,NA,NA,NA,NA,NA,45.4,7.8,6,Table 3,using midpoint of sample size range 5–8
Mamelona & Pelletier 2005,10.1016/j.jembe.2004.08.026,"St. Lawrence Estuary, Canada","Summer, Autumn",Strongylocentrotus droebachiensis,Ulvaria obscura,Lipids,mg g^−1,NA,NA,NA,NA,NA,NA,44.3,12.5,6,Table 3,using midpoint of sample size range 5–8
Mamelona & Pelletier 2005,10.1016/j.jembe.2004.08.026,"St. Lawrence Estuary, Canada","Summer, Autumn",Strongylocentrotus droebachiensis,Ulvaria obscura,Lipids,mg g^−1,NA,NA,NA,NA,NA,NA,37.1,15.1,6,Table 3,using midpoint of sample size range 5–8
Mamelona & Pelletier 2005,10.1016/j.jembe.2004.08.026,"St. Lawrence Estuary, Canada","Summer, Autumn",Strongylocentrotus droebachiensis,"Alaria esculenta, Saccharina latissima, Ulvaria obscura",Carbohydrates,mg g^−1,NA,NA,NA,NA,NA,NA,63,9.7,6,Table 3,using midpoint of sample size range 5–8
Mamelona & Pelletier 2005,10.1016/j.jembe.2004.08.026,"St. Lawrence Estuary, Canada","Summer, Autumn",Strongylocentrotus droebachiensis,"Alaria esculenta, Saccharina latissima, Ulvaria obscura",Carbohydrates,mg g^−1,NA,NA,NA,NA,NA,NA,71,6,6,Table 3,using midpoint of sample size range 5–8
Mamelona & Pelletier 2005,10.1016/j.jembe.2004.08.026,"St. Lawrence Estuary, Canada","Summer, Autumn",Strongylocentrotus droebachiensis,"Alaria esculenta, Saccharina latissima, Ulvaria obscura",Carbohydrates,mg g^−1,NA,NA,NA,NA,NA,NA,50.5,15.6,6,Table 3,using midpoint of sample size range 5–8
Mamelona & Pelletier 2005,10.1016/j.jembe.2004.08.026,"St. Lawrence Estuary, Canada","Summer, Autumn",Strongylocentrotus droebachiensis,"Alaria esculenta, Saccharina latissima, Ulvaria obscura",Proteins,mg g^−1,NA,NA,NA,NA,NA,NA,74.9,6.8,6,Table 3,using midpoint of sample size range 5–8
Mamelona & Pelletier 2005,10.1016/j.jembe.2004.08.026,"St. Lawrence Estuary, Canada","Summer, Autumn",Strongylocentrotus droebachiensis,"Alaria esculenta, Saccharina latissima, Ulvaria obscura",Proteins,mg g^−1,NA,NA,NA,NA,NA,NA,77.4,7.5,6,Table 3,using midpoint of sample size range 5–8
Mamelona & Pelletier 2005,10.1016/j.jembe.2004.08.026,"St. Lawrence Estuary, Canada","Summer, Autumn",Strongylocentrotus droebachiensis,"Alaria esculenta, Saccharina latissima, Ulvaria obscura",Proteins,mg g^−1,NA,NA,NA,NA,NA,NA,70,8.5,6,Table 3,using midpoint of sample size range 5–8
Mamelona & Pelletier 2005,10.1016/j.jembe.2004.08.026,"St. Lawrence Estuary, Canada","Summer, Autumn",Strongylocentrotus droebachiensis,"Alaria esculenta, Saccharina latissima, Ulvaria obscura",Lipids,mg g^−1,NA,NA,NA,NA,NA,NA,55,5.6,6,Table 3,using midpoint of sample size range 5–8
Mamelona & Pelletier 2005,10.1016/j.jembe.2004.08.026,"St. Lawrence Estuary, Canada","Summer, Autumn",Strongylocentrotus droebachiensis,"Alaria esculenta, Saccharina latissima, Ulvaria obscura",Lipids,mg g^−1,NA,NA,NA,NA,NA,NA,49.2,4.2,6,Table 3,using midpoint of sample size range 5–8
Mamelona & Pelletier 2005,10.1016/j.jembe.2004.08.026,"St. Lawrence Estuary, Canada","Summer, Autumn",Strongylocentrotus droebachiensis,"Alaria esculenta, Saccharina latissima, Ulvaria obscura",Lipids,mg g^−1,NA,NA,NA,NA,NA,NA,65.7,5.9,6,Table 3,using midpoint of sample size range 5–8
Schram et al. 2018,10.3389/fevo.2018.00083,"San Juan Island, Washington, USA",Autumn,Strongylocentrotus droebachiensis,Nereocystis luetkeana,Lipids,mg g^−1,17.8,2.7,4,23.6,6.5,4,NA,NA,NA,Table 1,
Schram et al. 2018,10.3389/fevo.2018.00083,"San Juan Island, Washington, USA",Autumn,Strongylocentrotus droebachiensis,Pyropia sp.,Lipids,mg g^−1,6.2,0.4,3,34.4,8.9,4,NA,NA,NA,Table 1,
Schram et al. 2018,10.3389/fevo.2018.00083,"San Juan Island, Washington, USA",Autumn,Strongylocentrotus droebachiensis,Ulva sp.,Lipids,mg g^−1,41.6,10.5,4,40.5,16.5,4,NA,NA,NA,Table 1,
Schram et al. 2018,10.3389/fevo.2018.00083,"San Juan Island, Washington, USA",Autumn,Strongylocentrotus purpuratus ,Nereocystis luetkeana,Lipids,mg g^−1,13.7,3.1,5,40.6,9.9,5,NA,NA,NA,Table 1,
Schram et al. 2018,10.3389/fevo.2018.00083,"San Juan Island, Washington, USA",Autumn,Strongylocentrotus purpuratus ,Pyropia sp.,Lipids,mg g^−1,6.5,0.7,6,35.7,5.9,6,NA,NA,NA,Table 1,
Schram et al. 2018,10.3389/fevo.2018.00083,"San Juan Island, Washington, USA",Autumn,Strongylocentrotus purpuratus ,Ulva sp.,Lipids,mg g^−1,8.8,1.3,6,38.1,8,4,NA,NA,NA,Table 1,
Hiratsuka & Uehara 2007 ,10.1016/j.cbpa.2007.04.009,"Onna, Okinawa, Japan",Winter,Echinometra sp. A,"Ectocarpus, Centroceras, Hydrolithon, Jania, Polysiphonia, Sphacelaria, Enteromorpha, Lobophora, Laurencia, Cladophora, Ceramium, Leveillea",Proteins,%,2.5,0.1,10,NA,NA,NA,52.61493,4.581776,10,"Table 1, 3","reconstituted algal feed, faecal to feed nutrient ratio estimated as absolute nutrient defecation proportion / mass defecation proportion, mean and s.d. estimated using Monte Carlo with beta distributions"
Hiratsuka & Uehara 2007 ,10.1016/j.cbpa.2007.04.009,"Onna, Okinawa, Japan",Winter,Echinometra mathaei,"Ectocarpus, Centroceras, Hydrolithon, Jania, Polysiphonia, Sphacelaria, Enteromorpha, Lobophora, Laurencia, Cladophora, Ceramium, Leveillea",Proteins,%,2.5,0.1,10,NA,NA,NA,65.65946,9.16923,10,"Table 1, 3","reconstituted algal feed, faecal to feed nutrient ratio estimated as absolute nutrient defecation proportion / mass defecation proportion, mean and s.d. estimated using Monte Carlo with beta distributions"
Hiratsuka & Uehara 2007 ,10.1016/j.cbpa.2007.04.009,"Onna, Okinawa, Japan",Winter,Echinometra sp. C,"Ectocarpus, Centroceras, Hydrolithon, Jania, Polysiphonia, Sphacelaria, Enteromorpha, Lobophora, Laurencia, Cladophora, Ceramium, Leveillea",Proteins,%,2.5,0.1,10,NA,NA,NA,70.38954,9.746498,10,"Table 1, 3","reconstituted algal feed, faecal to feed nutrient ratio estimated as absolute nutrient defecation proportion / mass defecation proportion, mean and s.d. estimated using Monte Carlo with beta distributions"
Hiratsuka & Uehara 2007 ,10.1016/j.cbpa.2007.04.009,"Onna, Okinawa, Japan",Winter,Echinometra oblonga,"Ectocarpus, Centroceras, Hydrolithon, Jania, Polysiphonia, Sphacelaria, Enteromorpha, Lobophora, Laurencia, Cladophora, Ceramium, Leveillea",Proteins,%,2.5,0.1,10,NA,NA,NA,81.12189,14.56304,10,"Table 1, 3","reconstituted algal feed, faecal to feed nutrient ratio estimated as absolute nutrient defecation proportion / mass defecation proportion, mean and s.d. estimated using Monte Carlo with beta distributions"
Hiratsuka & Uehara 2007 ,10.1016/j.cbpa.2007.04.009,"Onna, Okinawa, Japan",Winter,Echinometra sp. A,"Ectocarpus, Centroceras, Hydrolithon, Jania, Polysiphonia, Sphacelaria, Enteromorpha, Lobophora, Laurencia, Cladophora, Ceramium, Leveillea",Carbohydrates,%,48,0.4,10,NA,NA,NA,103.5193,7.316853,10,"Table 1, 3","reconstituted algal feed, faecal to feed nutrient ratio estimated as absolute nutrient defecation proportion / mass defecation proportion, mean and s.d. estimated using Monte Carlo with beta distributions"
Hiratsuka & Uehara 2007 ,10.1016/j.cbpa.2007.04.009,"Onna, Okinawa, Japan",Winter,Echinometra mathaei,"Ectocarpus, Centroceras, Hydrolithon, Jania, Polysiphonia, Sphacelaria, Enteromorpha, Lobophora, Laurencia, Cladophora, Ceramium, Leveillea",Carbohydrates,%,48,0.4,10,NA,NA,NA,103.4233,15.67037,10,"Table 1, 3","reconstituted algal feed, faecal to feed nutrient ratio estimated as absolute nutrient defecation proportion / mass defecation proportion, mean and s.d. estimated using Monte Carlo with beta distributions"
Hiratsuka & Uehara 2007 ,10.1016/j.cbpa.2007.04.009,"Onna, Okinawa, Japan",Winter,Echinometra sp. C,"Ectocarpus, Centroceras, Hydrolithon, Jania, Polysiphonia, Sphacelaria, Enteromorpha, Lobophora, Laurencia, Cladophora, Ceramium, Leveillea",Carbohydrates,%,48,0.4,10,NA,NA,NA,98.4673,17.70548,10,"Table 1, 3","reconstituted algal feed, faecal to feed nutrient ratio estimated as absolute nutrient defecation proportion / mass defecation proportion, mean and s.d. estimated using Monte Carlo with beta distributions"
Hiratsuka & Uehara 2007 ,10.1016/j.cbpa.2007.04.009,"Onna, Okinawa, Japan",Winter,Echinometra oblonga,"Ectocarpus, Centroceras, Hydrolithon, Jania, Polysiphonia, Sphacelaria, Enteromorpha, Lobophora, Laurencia, Cladophora, Ceramium, Leveillea",Carbohydrates,%,48,0.4,10,NA,NA,NA,95.44949,17.22615,10,"Table 1, 3","reconstituted algal feed, faecal to feed nutrient ratio estimated as absolute nutrient defecation proportion / mass defecation proportion, mean and s.d. estimated using Monte Carlo with beta distributions"
Hiratsuka & Uehara 2007 ,10.1016/j.cbpa.2007.04.009,"Onna, Okinawa, Japan",Winter,Echinometra sp. A,"Ectocarpus, Centroceras, Hydrolithon, Jania, Polysiphonia, Sphacelaria, Enteromorpha, Lobophora, Laurencia, Cladophora, Ceramium, Leveillea",Lipids,%,0.9,0.1,10,NA,NA,NA,54.63805,7.387345,10,"Table 1, 3","reconstituted algal feed, faecal to feed nutrient ratio estimated as absolute nutrient defecation proportion / mass defecation proportion, mean and s.d. estimated using Monte Carlo with beta distributions"
Hiratsuka & Uehara 2007 ,10.1016/j.cbpa.2007.04.009,"Onna, Okinawa, Japan",Winter,Echinometra mathaei,"Ectocarpus, Centroceras, Hydrolithon, Jania, Polysiphonia, Sphacelaria, Enteromorpha, Lobophora, Laurencia, Cladophora, Ceramium, Leveillea",Lipids,%,0.9,0.1,10,NA,NA,NA,59.01859,10.13421,10,"Table 1, 3","reconstituted algal feed, faecal to feed nutrient ratio estimated as absolute nutrient defecation proportion / mass defecation proportion, mean and s.d. estimated using Monte Carlo with beta distributions"
Hiratsuka & Uehara 2007 ,10.1016/j.cbpa.2007.04.009,"Onna, Okinawa, Japan",Winter,Echinometra sp. C,"Ectocarpus, Centroceras, Hydrolithon, Jania, Polysiphonia, Sphacelaria, Enteromorpha, Lobophora, Laurencia, Cladophora, Ceramium, Leveillea",Lipids,%,0.9,0.1,10,NA,NA,NA,62.14945,10.02479,10,"Table 1, 3","reconstituted algal feed, faecal to feed nutrient ratio estimated as absolute nutrient defecation proportion / mass defecation proportion, mean and s.d. estimated using Monte Carlo with beta distributions"
Hiratsuka & Uehara 2007 ,10.1016/j.cbpa.2007.04.009,"Onna, Okinawa, Japan",Winter,Echinometra oblonga,"Ectocarpus, Centroceras, Hydrolithon, Jania, Polysiphonia, Sphacelaria, Enteromorpha, Lobophora, Laurencia, Cladophora, Ceramium, Leveillea",Lipids,%,0.9,0.1,10,NA,NA,NA,72.33852,15.28942,10,"Table 1, 3","reconstituted algal feed, faecal to feed nutrient ratio estimated as absolute nutrient defecation proportion / mass defecation proportion, mean and s.d. estimated using Monte Carlo with beta distributions"
Hiratsuka & Uehara 2007 ,10.1016/j.cbpa.2007.04.009,"Onna, Okinawa, Japan",Winter,Echinometra sp. A,"Ectocarpus, Centroceras, Hydrolithon, Jania, Polysiphonia, Sphacelaria, Enteromorpha, Lobophora, Laurencia, Cladophora, Ceramium, Leveillea",Calories,J mg^−1,9.2,0.1,10,NA,NA,NA,98.38058,6.699688,10,"Table 1, 3","reconstituted algal feed, faecal to feed nutrient ratio estimated as absolute nutrient defecation proportion / mass defecation proportion, mean and s.d. estimated using Monte Carlo with beta distributions"
Hiratsuka & Uehara 2007 ,10.1016/j.cbpa.2007.04.009,"Onna, Okinawa, Japan",Winter,Echinometra mathaei,"Ectocarpus, Centroceras, Hydrolithon, Jania, Polysiphonia, Sphacelaria, Enteromorpha, Lobophora, Laurencia, Cladophora, Ceramium, Leveillea",Calories,J mg^−1,9.2,0.1,10,NA,NA,NA,99.24698,14.81515,10,"Table 1, 3","reconstituted algal feed, faecal to feed nutrient ratio estimated as absolute nutrient defecation proportion / mass defecation proportion, mean and s.d. estimated using Monte Carlo with beta distributions"
Hiratsuka & Uehara 2007 ,10.1016/j.cbpa.2007.04.009,"Onna, Okinawa, Japan",Winter,Echinometra sp. C,"Ectocarpus, Centroceras, Hydrolithon, Jania, Polysiphonia, Sphacelaria, Enteromorpha, Lobophora, Laurencia, Cladophora, Ceramium, Leveillea",Calories,J mg^−1,9.2,0.1,10,NA,NA,NA,95.10103,16.34526,10,"Table 1, 3","reconstituted algal feed, faecal to feed nutrient ratio estimated as absolute nutrient defecation proportion / mass defecation proportion, mean and s.d. estimated using Monte Carlo with beta distributions"
Hiratsuka & Uehara 2007 ,10.1016/j.cbpa.2007.04.009,"Onna, Okinawa, Japan",Winter,Echinometra oblonga,"Ectocarpus, Centroceras, Hydrolithon, Jania, Polysiphonia, Sphacelaria, Enteromorpha, Lobophora, Laurencia, Cladophora, Ceramium, Leveillea",Calories,J mg^−1,9.2,0.1,10,NA,NA,NA,93.60317,16.57728,10,"Table 1, 3","reconstituted algal feed, faecal to feed nutrient ratio estimated as absolute nutrient defecation proportion / mass defecation proportion, mean and s.d. estimated using Monte Carlo with beta distributions"
Miller & Mann 1973,10.1007/BF00348685,"St. Margaret's Bay, Nova Scotia, Canada",Annual,Strongylocentrotus droebachiensis,Saccharina latissima,Calories,kcal g^−1,2.7,NA,NA,2.6,NA,NA,NA,NA,NA,Text,
Mills et al. 2000,10.1016/S0022-0981(00)00264-1,"Tiahura Reef, Moorea, French Polynesia",Wet season,Echinometra mathaei,Turf algae,Proteins,µg mg^−1,16.16298812,4.933617,10,29.6,7.1,10,NA,NA,NA,"Table 2, Figure 6","faecal values from Table 2 and algal values from Figure 6, algal s.d. estimated as larger quartile range / Φ^−1(0.75), i.e. the largest symmetrical interquartile range is assumed equivalent to 50% interval"
Mills et al. 2000,10.1016/S0022-0981(00)00264-1,"Tiahura Reef, Moorea, French Polynesia",Wet season,Echinometra mathaei,Turf algae,Lipids,µg mg^−1,5.037313433,1.327703,10,11.01,2.4,10,NA,NA,NA,"Table 2, Figure 6","faecal values from Table 2 and algal values from Figure 6, algal s.d. estimated as larger quartile range / Φ^−1(0.75), i.e. the largest symmetrical interquartile range is assumed equivalent to 50% interval"
Mills et al. 2000,10.1016/S0022-0981(00)00264-1,"Tiahura Reef, Moorea, French Polynesia",Wet season,Echinometra mathaei,Turf algae,Carbohydrates,µg mg^−1,16.97025,9.759471,10,37.58935,25.25229,10,NA,NA,NA,"Table 2, Figure 6","faecal values from Table 2 and algal values from Figure 6, total carbohydrates mean and s.d. estimated using Monte Carlo with gamma distributions, algal s.d. estimated as larger quartile range / Φ^−1(0.75), i.e. the largest symmetrical interquartile range is assumed equivalent to 50% interval"