Reference,DOI,Location,Season,Urchin,Plant,Unit,Consumption_mean,Consumption_sd,Consumption_n,Defecation_mean,Defecation_sd,Defecation_n,Absorption_mean,Absorption_sd,Absorption_n,Percentage_mean,Percentage_sd,Percentage_n,Source,Notes
Mamelona & Pelletier 2005,10.1016/j.jembe.2004.08.026,"St. Lawrence Estuary, Canada","Summer, Autumn",Strongylocentrotus droebachiensis,Alaria esculenta,NA,NA,NA,NA,NA,NA,NA,NA,NA,NA,82.8,5.7,17,Table 2,
Mamelona & Pelletier 2005,10.1016/j.jembe.2004.08.026,"St. Lawrence Estuary, Canada","Summer, Autumn",Strongylocentrotus droebachiensis,Alaria esculenta,NA,NA,NA,NA,NA,NA,NA,NA,NA,NA,77.2,11.7,17,Table 2,
Mamelona & Pelletier 2005,10.1016/j.jembe.2004.08.026,"St. Lawrence Estuary, Canada","Summer, Autumn",Strongylocentrotus droebachiensis,Alaria esculenta,NA,NA,NA,NA,NA,NA,NA,NA,NA,NA,81.7,16.5,17,Table 2,
Mamelona & Pelletier 2005,10.1016/j.jembe.2004.08.026,"St. Lawrence Estuary, Canada","Summer, Autumn",Strongylocentrotus droebachiensis,Saccharina latissima,NA,NA,NA,NA,NA,NA,NA,NA,NA,NA,64.8,11,17,Table 2,
Mamelona & Pelletier 2005,10.1016/j.jembe.2004.08.026,"St. Lawrence Estuary, Canada","Summer, Autumn",Strongylocentrotus droebachiensis,Saccharina latissima,NA,NA,NA,NA,NA,NA,NA,NA,NA,NA,63.2,17.4,17,Table 2,
Mamelona & Pelletier 2005,10.1016/j.jembe.2004.08.026,"St. Lawrence Estuary, Canada","Summer, Autumn",Strongylocentrotus droebachiensis,Saccharina latissima,NA,NA,NA,NA,NA,NA,NA,NA,NA,NA,74,13.7,17,Table 2,
Mamelona & Pelletier 2005,10.1016/j.jembe.2004.08.026,"St. Lawrence Estuary, Canada","Summer, Autumn",Strongylocentrotus droebachiensis,Ulvaria obscura,NA,NA,NA,NA,NA,NA,NA,NA,NA,NA,81.7,5.9,17,Table 2,
Mamelona & Pelletier 2005,10.1016/j.jembe.2004.08.026,"St. Lawrence Estuary, Canada","Summer, Autumn",Strongylocentrotus droebachiensis,Ulvaria obscura,NA,NA,NA,NA,NA,NA,NA,NA,NA,NA,70.2,19.4,17,Table 2,
Mamelona & Pelletier 2005,10.1016/j.jembe.2004.08.026,"St. Lawrence Estuary, Canada","Summer, Autumn",Strongylocentrotus droebachiensis,Ulvaria obscura,NA,NA,NA,NA,NA,NA,NA,NA,NA,NA,67.7,15,17,Table 2,
Mamelona & Pelletier 2005,10.1016/j.jembe.2004.08.026,"St. Lawrence Estuary, Canada","Summer, Autumn",Strongylocentrotus droebachiensis,"Alaria esculenta, Saccharina latissima, Ulvaria obscura",NA,NA,NA,NA,NA,NA,NA,NA,NA,NA,71.4,14.9,17,Table 2,
Mamelona & Pelletier 2005,10.1016/j.jembe.2004.08.026,"St. Lawrence Estuary, Canada","Summer, Autumn",Strongylocentrotus droebachiensis,"Alaria esculenta, Saccharina latissima, Ulvaria obscura",NA,NA,NA,NA,NA,NA,NA,NA,NA,NA,87.2,9.8,17,Table 2,
Mamelona & Pelletier 2005,10.1016/j.jembe.2004.08.026,"St. Lawrence Estuary, Canada","Summer, Autumn",Strongylocentrotus droebachiensis,"Alaria esculenta, Saccharina latissima, Ulvaria obscura",NA,NA,NA,NA,NA,NA,NA,NA,NA,NA,66,11.6,17,Table 2,
Mukai & Nojima 1985 in Mamelona & Pelletier 2005,10.1016/j.jembe.2004.08.026,Papua New Guinea,NA,Tripneustes gratilla,Thalassia hemprichii,NA,NA,NA,NA,NA,NA,NA,NA,NA,NA,85,NA,NA,Text,
Yano et al. 1993,10.2331/suisan.59.733,"Hokkaido, Japan",NA,Strongylocentrotus intermedius,Saccharina longissima,g dry mass,12.71,NA,1,6.13,NA,1,NA,NA,NA,NA,NA,NA,Table 1,
Lasker & Boolootian 1960,10.1038/1881130a0,"La Jolla, California, USA",NA,Strongylocentrotus purpuratus,Macrocystis pyrifera,mg dry mass,33.3,NA,1,8.5,NA,1,NA,NA,NA,NA,NA,NA,Text,
Frantzis & Grémare 1992,10.3354/meps095169,"Bay of Banyuls, France","Winter, Spring, Summer",Paracentrotus lividus,"Rissoella verruculosa, Ericaria mediterranea, Ellisolandia elongata, Halopteris scoparia, Padina pavonica, Ulva rigida, Cystoseira compressa, Colpomenia sinuosa, Posidonia oceanica, Codium vermilara, Asparagopsis armata, Dictyota spiralis",NA,NA,NA,NA,NA,NA,NA,NA,NA,NA,8.027595667,NA,1,Figure 3,organic dry mass only but not Conover ratio
Frantzis & Grémare 1992,10.3354/meps095169,"Bay of Banyuls, France","Winter, Spring, Summer",Paracentrotus lividus,"Rissoella verruculosa, Ericaria mediterranea, Ellisolandia elongata, Halopteris scoparia, Padina pavonica, Ulva rigida, Cystoseira compressa, Colpomenia sinuosa, Posidonia oceanica, Codium vermilara, Asparagopsis armata, Dictyota spiralis",NA,NA,NA,NA,NA,NA,NA,NA,NA,NA,4.038661572,NA,1,Figure 3,organic dry mass only but not Conover ratio
Frantzis & Grémare 1992,10.3354/meps095169,"Bay of Banyuls, France","Winter, Spring, Summer",Paracentrotus lividus,"Rissoella verruculosa, Ericaria mediterranea, Ellisolandia elongata, Halopteris scoparia, Padina pavonica, Ulva rigida, Cystoseira compressa, Colpomenia sinuosa, Posidonia oceanica, Codium vermilara, Asparagopsis armata, Dictyota spiralis",NA,NA,NA,NA,NA,NA,NA,NA,NA,NA,14.27941555,NA,1,Figure 3,organic dry mass only but not Conover ratio
Frantzis & Grémare 1992,10.3354/meps095169,"Bay of Banyuls, France","Winter, Spring, Summer",Paracentrotus lividus,"Rissoella verruculosa, Ericaria mediterranea, Ellisolandia elongata, Halopteris scoparia, Padina pavonica, Ulva rigida, Cystoseira compressa, Colpomenia sinuosa, Posidonia oceanica, Codium vermilara, Asparagopsis armata, Dictyota spiralis",NA,NA,NA,NA,NA,NA,NA,NA,NA,NA,4.869638114,NA,1,Figure 3,organic dry mass only but not Conover ratio
Frantzis & Grémare 1992,10.3354/meps095169,"Bay of Banyuls, France","Winter, Spring, Summer",Paracentrotus lividus,"Rissoella verruculosa, Ericaria mediterranea, Ellisolandia elongata, Halopteris scoparia, Padina pavonica, Ulva rigida, Cystoseira compressa, Colpomenia sinuosa, Posidonia oceanica, Codium vermilara, Asparagopsis armata, Dictyota spiralis",NA,NA,NA,NA,NA,NA,NA,NA,NA,NA,5.826749306,NA,1,Figure 3,organic dry mass only but not Conover ratio
Frantzis & Grémare 1992,10.3354/meps095169,"Bay of Banyuls, France","Winter, Spring, Summer",Paracentrotus lividus,"Rissoella verruculosa, Ericaria mediterranea, Ellisolandia elongata, Halopteris scoparia, Padina pavonica, Ulva rigida, Cystoseira compressa, Colpomenia sinuosa, Posidonia oceanica, Codium vermilara, Asparagopsis armata, Dictyota spiralis",NA,NA,NA,NA,NA,NA,NA,NA,NA,NA,8.469386735,NA,1,Figure 3,organic dry mass only but not Conover ratio
Frantzis & Grémare 1992,10.3354/meps095169,"Bay of Banyuls, France","Winter, Spring, Summer",Paracentrotus lividus,"Rissoella verruculosa, Ericaria mediterranea, Ellisolandia elongata, Halopteris scoparia, Padina pavonica, Ulva rigida, Cystoseira compressa, Colpomenia sinuosa, Posidonia oceanica, Codium vermilara, Asparagopsis armata, Dictyota spiralis",NA,NA,NA,NA,NA,NA,NA,NA,NA,NA,13.89390767,NA,1,Figure 3,organic dry mass only but not Conover ratio
Frantzis & Grémare 1992,10.3354/meps095169,"Bay of Banyuls, France","Winter, Spring, Summer",Paracentrotus lividus,"Rissoella verruculosa, Ericaria mediterranea, Ellisolandia elongata, Halopteris scoparia, Padina pavonica, Ulva rigida, Cystoseira compressa, Colpomenia sinuosa, Posidonia oceanica, Codium vermilara, Asparagopsis armata, Dictyota spiralis",NA,NA,NA,NA,NA,NA,NA,NA,NA,NA,13.9035014,NA,1,Figure 3,organic dry mass only but not Conover ratio
Frantzis & Grémare 1992,10.3354/meps095169,"Bay of Banyuls, France","Winter, Spring, Summer",Paracentrotus lividus,"Rissoella verruculosa, Ericaria mediterranea, Ellisolandia elongata, Halopteris scoparia, Padina pavonica, Ulva rigida, Cystoseira compressa, Colpomenia sinuosa, Posidonia oceanica, Codium vermilara, Asparagopsis armata, Dictyota spiralis",NA,NA,NA,NA,NA,NA,NA,NA,NA,NA,24.19581023,NA,1,Figure 3,organic dry mass only but not Conover ratio
Frantzis & Grémare 1992,10.3354/meps095169,"Bay of Banyuls, France","Winter, Spring, Summer",Paracentrotus lividus,"Rissoella verruculosa, Ericaria mediterranea, Ellisolandia elongata, Halopteris scoparia, Padina pavonica, Ulva rigida, Cystoseira compressa, Colpomenia sinuosa, Posidonia oceanica, Codium vermilara, Asparagopsis armata, Dictyota spiralis",NA,NA,NA,NA,NA,NA,NA,NA,NA,NA,27.79060209,NA,1,Figure 3,organic dry mass only but not Conover ratio
Frantzis & Grémare 1992,10.3354/meps095169,"Bay of Banyuls, France","Winter, Spring, Summer",Paracentrotus lividus,"Rissoella verruculosa, Ericaria mediterranea, Ellisolandia elongata, Halopteris scoparia, Padina pavonica, Ulva rigida, Cystoseira compressa, Colpomenia sinuosa, Posidonia oceanica, Codium vermilara, Asparagopsis armata, Dictyota spiralis",NA,NA,NA,NA,NA,NA,NA,NA,NA,NA,33.66945446,NA,1,Figure 3,organic dry mass only but not Conover ratio
Frantzis & Grémare 1992,10.3354/meps095169,"Bay of Banyuls, France","Winter, Spring, Summer",Paracentrotus lividus,"Rissoella verruculosa, Ericaria mediterranea, Ellisolandia elongata, Halopteris scoparia, Padina pavonica, Ulva rigida, Cystoseira compressa, Colpomenia sinuosa, Posidonia oceanica, Codium vermilara, Asparagopsis armata, Dictyota spiralis",NA,NA,NA,NA,NA,NA,NA,NA,NA,NA,33.68160652,NA,1,Figure 3,organic dry mass only but not Conover ratio
Frantzis & Grémare 1992,10.3354/meps095169,"Bay of Banyuls, France","Winter, Spring, Summer",Paracentrotus lividus,"Rissoella verruculosa, Ericaria mediterranea, Ellisolandia elongata, Halopteris scoparia, Padina pavonica, Ulva rigida, Cystoseira compressa, Colpomenia sinuosa, Posidonia oceanica, Codium vermilara, Asparagopsis armata, Dictyota spiralis",NA,NA,NA,NA,NA,NA,NA,NA,NA,NA,25.58144117,NA,1,Figure 3,organic dry mass only but not Conover ratio
Frantzis & Grémare 1992,10.3354/meps095169,"Bay of Banyuls, France","Winter, Spring, Summer",Paracentrotus lividus,"Rissoella verruculosa, Ericaria mediterranea, Ellisolandia elongata, Halopteris scoparia, Padina pavonica, Ulva rigida, Cystoseira compressa, Colpomenia sinuosa, Posidonia oceanica, Codium vermilara, Asparagopsis armata, Dictyota spiralis",NA,NA,NA,NA,NA,NA,NA,NA,NA,NA,36.41113569,NA,1,Figure 3,organic dry mass only but not Conover ratio
Frantzis & Grémare 1992,10.3354/meps095169,"Bay of Banyuls, France","Winter, Spring, Summer",Paracentrotus lividus,"Rissoella verruculosa, Ericaria mediterranea, Ellisolandia elongata, Halopteris scoparia, Padina pavonica, Ulva rigida, Cystoseira compressa, Colpomenia sinuosa, Posidonia oceanica, Codium vermilara, Asparagopsis armata, Dictyota spiralis",NA,NA,NA,NA,NA,NA,NA,NA,NA,NA,43.53317502,NA,1,Figure 3,organic dry mass only but not Conover ratio
Frantzis & Grémare 1992,10.3354/meps095169,"Bay of Banyuls, France","Winter, Spring, Summer",Paracentrotus lividus,"Rissoella verruculosa, Ericaria mediterranea, Ellisolandia elongata, Halopteris scoparia, Padina pavonica, Ulva rigida, Cystoseira compressa, Colpomenia sinuosa, Posidonia oceanica, Codium vermilara, Asparagopsis armata, Dictyota spiralis",NA,NA,NA,NA,NA,NA,NA,NA,NA,NA,44.42402098,NA,1,Figure 3,organic dry mass only but not Conover ratio
Frantzis & Grémare 1992,10.3354/meps095169,"Bay of Banyuls, France","Winter, Spring, Summer",Paracentrotus lividus,"Rissoella verruculosa, Ericaria mediterranea, Ellisolandia elongata, Halopteris scoparia, Padina pavonica, Ulva rigida, Cystoseira compressa, Colpomenia sinuosa, Posidonia oceanica, Codium vermilara, Asparagopsis armata, Dictyota spiralis",NA,NA,NA,NA,NA,NA,NA,NA,NA,NA,39.59723484,NA,1,Figure 3,organic dry mass only but not Conover ratio
Frantzis & Grémare 1992,10.3354/meps095169,"Bay of Banyuls, France","Winter, Spring, Summer",Paracentrotus lividus,"Rissoella verruculosa, Ericaria mediterranea, Ellisolandia elongata, Halopteris scoparia, Padina pavonica, Ulva rigida, Cystoseira compressa, Colpomenia sinuosa, Posidonia oceanica, Codium vermilara, Asparagopsis armata, Dictyota spiralis",NA,NA,NA,NA,NA,NA,NA,NA,NA,NA,51.92030698,NA,1,Figure 3,organic dry mass only but not Conover ratio
Frantzis & Grémare 1992,10.3354/meps095169,"Bay of Banyuls, France","Winter, Spring, Summer",Paracentrotus lividus,"Rissoella verruculosa, Ericaria mediterranea, Ellisolandia elongata, Halopteris scoparia, Padina pavonica, Ulva rigida, Cystoseira compressa, Colpomenia sinuosa, Posidonia oceanica, Codium vermilara, Asparagopsis armata, Dictyota spiralis",NA,NA,NA,NA,NA,NA,NA,NA,NA,NA,61.66604755,NA,1,Figure 3,organic dry mass only but not Conover ratio
Frantzis & Grémare 1992,10.3354/meps095169,"Bay of Banyuls, France","Winter, Spring, Summer",Paracentrotus lividus,"Rissoella verruculosa, Ericaria mediterranea, Ellisolandia elongata, Halopteris scoparia, Padina pavonica, Ulva rigida, Cystoseira compressa, Colpomenia sinuosa, Posidonia oceanica, Codium vermilara, Asparagopsis armata, Dictyota spiralis",NA,NA,NA,NA,NA,NA,NA,NA,NA,NA,35.97279379,NA,1,Figure 3,organic dry mass only but not Conover ratio
Frantzis & Grémare 1992,10.3354/meps095169,"Bay of Banyuls, France","Winter, Spring, Summer",Paracentrotus lividus,"Rissoella verruculosa, Ericaria mediterranea, Ellisolandia elongata, Halopteris scoparia, Padina pavonica, Ulva rigida, Cystoseira compressa, Colpomenia sinuosa, Posidonia oceanica, Codium vermilara, Asparagopsis armata, Dictyota spiralis",NA,NA,NA,NA,NA,NA,NA,NA,NA,NA,25.60222757,NA,1,Figure 3,organic dry mass only but not Conover ratio
Frantzis & Grémare 1992,10.3354/meps095169,"Bay of Banyuls, France","Winter, Spring, Summer",Paracentrotus lividus,"Rissoella verruculosa, Ericaria mediterranea, Ellisolandia elongata, Halopteris scoparia, Padina pavonica, Ulva rigida, Cystoseira compressa, Colpomenia sinuosa, Posidonia oceanica, Codium vermilara, Asparagopsis armata, Dictyota spiralis",NA,NA,NA,NA,NA,NA,NA,NA,NA,NA,20.66929371,NA,1,Figure 3,organic dry mass only but not Conover ratio
Frantzis & Grémare 1992,10.3354/meps095169,"Bay of Banyuls, France","Winter, Spring, Summer",Paracentrotus lividus,"Rissoella verruculosa, Ericaria mediterranea, Ellisolandia elongata, Halopteris scoparia, Padina pavonica, Ulva rigida, Cystoseira compressa, Colpomenia sinuosa, Posidonia oceanica, Codium vermilara, Asparagopsis armata, Dictyota spiralis",NA,NA,NA,NA,NA,NA,NA,NA,NA,NA,24.68045327,NA,1,Figure 3,organic dry mass only but not Conover ratio
Frantzis & Grémare 1992,10.3354/meps095169,"Bay of Banyuls, France","Winter, Spring, Summer",Paracentrotus lividus,"Rissoella verruculosa, Ericaria mediterranea, Ellisolandia elongata, Halopteris scoparia, Padina pavonica, Ulva rigida, Cystoseira compressa, Colpomenia sinuosa, Posidonia oceanica, Codium vermilara, Asparagopsis armata, Dictyota spiralis",NA,NA,NA,NA,NA,NA,NA,NA,NA,NA,27.80364499,NA,1,Figure 3,organic dry mass only but not Conover ratio
Frantzis & Grémare 1992,10.3354/meps095169,"Bay of Banyuls, France","Winter, Spring, Summer",Paracentrotus lividus,"Rissoella verruculosa, Ericaria mediterranea, Ellisolandia elongata, Halopteris scoparia, Padina pavonica, Ulva rigida, Cystoseira compressa, Colpomenia sinuosa, Posidonia oceanica, Codium vermilara, Asparagopsis armata, Dictyota spiralis",NA,NA,NA,NA,NA,NA,NA,NA,NA,NA,23.32888006,NA,1,Figure 3,organic dry mass only but not Conover ratio
Frantzis & Grémare 1992,10.3354/meps095169,"Bay of Banyuls, France","Winter, Spring, Summer",Paracentrotus lividus,"Rissoella verruculosa, Ericaria mediterranea, Ellisolandia elongata, Halopteris scoparia, Padina pavonica, Ulva rigida, Cystoseira compressa, Colpomenia sinuosa, Posidonia oceanica, Codium vermilara, Asparagopsis armata, Dictyota spiralis",NA,NA,NA,NA,NA,NA,NA,NA,NA,NA,24.28503187,NA,1,Figure 3,organic dry mass only but not Conover ratio
Frantzis & Grémare 1992,10.3354/meps095169,"Bay of Banyuls, France","Winter, Spring, Summer",Paracentrotus lividus,"Rissoella verruculosa, Ericaria mediterranea, Ellisolandia elongata, Halopteris scoparia, Padina pavonica, Ulva rigida, Cystoseira compressa, Colpomenia sinuosa, Posidonia oceanica, Codium vermilara, Asparagopsis armata, Dictyota spiralis",NA,NA,NA,NA,NA,NA,NA,NA,NA,NA,21.10628792,NA,1,Figure 3,organic dry mass only but not Conover ratio
Frantzis & Grémare 1992,10.3354/meps095169,"Bay of Banyuls, France","Winter, Spring, Summer",Paracentrotus lividus,"Rissoella verruculosa, Ericaria mediterranea, Ellisolandia elongata, Halopteris scoparia, Padina pavonica, Ulva rigida, Cystoseira compressa, Colpomenia sinuosa, Posidonia oceanica, Codium vermilara, Asparagopsis armata, Dictyota spiralis",NA,NA,NA,NA,NA,NA,NA,NA,NA,NA,11.6925131,NA,1,Figure 3,organic dry mass only but not Conover ratio
Frantzis & Grémare 1992,10.3354/meps095169,"Bay of Banyuls, France","Winter, Spring, Summer",Paracentrotus lividus,"Rissoella verruculosa, Ericaria mediterranea, Ellisolandia elongata, Halopteris scoparia, Padina pavonica, Ulva rigida, Cystoseira compressa, Colpomenia sinuosa, Posidonia oceanica, Codium vermilara, Asparagopsis armata, Dictyota spiralis",NA,NA,NA,NA,NA,NA,NA,NA,NA,NA,53.66844369,NA,1,Figure 3,organic dry mass only but not Conover ratio
Frantzis & Grémare 1992,10.3354/meps095169,"Bay of Banyuls, France","Winter, Spring, Summer",Paracentrotus lividus,"Rissoella verruculosa, Ericaria mediterranea, Ellisolandia elongata, Halopteris scoparia, Padina pavonica, Ulva rigida, Cystoseira compressa, Colpomenia sinuosa, Posidonia oceanica, Codium vermilara, Asparagopsis armata, Dictyota spiralis",NA,NA,NA,NA,NA,NA,NA,NA,NA,NA,66.55704312,NA,1,Figure 3,organic dry mass only but not Conover ratio
Frantzis & Grémare 1992,10.3354/meps095169,"Bay of Banyuls, France","Winter, Spring, Summer",Paracentrotus lividus,"Rissoella verruculosa, Ericaria mediterranea, Ellisolandia elongata, Halopteris scoparia, Padina pavonica, Ulva rigida, Cystoseira compressa, Colpomenia sinuosa, Posidonia oceanica, Codium vermilara, Asparagopsis armata, Dictyota spiralis",NA,NA,NA,NA,NA,NA,NA,NA,NA,NA,25.09156726,NA,1,Figure 3,organic dry mass only but not Conover ratio
Frantzis & Grémare 1992,10.3354/meps095169,"Bay of Banyuls, France","Winter, Spring, Summer",Paracentrotus lividus,"Rissoella verruculosa, Ericaria mediterranea, Ellisolandia elongata, Halopteris scoparia, Padina pavonica, Ulva rigida, Cystoseira compressa, Colpomenia sinuosa, Posidonia oceanica, Codium vermilara, Asparagopsis armata, Dictyota spiralis",NA,NA,NA,NA,NA,NA,NA,NA,NA,NA,21.916341,NA,1,Figure 3,organic dry mass only but not Conover ratio
Frantzis & Grémare 1992,10.3354/meps095169,"Bay of Banyuls, France","Winter, Spring, Summer",Paracentrotus lividus,"Rissoella verruculosa, Ericaria mediterranea, Ellisolandia elongata, Halopteris scoparia, Padina pavonica, Ulva rigida, Cystoseira compressa, Colpomenia sinuosa, Posidonia oceanica, Codium vermilara, Asparagopsis armata, Dictyota spiralis",NA,NA,NA,NA,NA,NA,NA,NA,NA,NA,21.44873824,NA,1,Figure 3,organic dry mass only but not Conover ratio
Frantzis & Grémare 1992,10.3354/meps095169,"Bay of Banyuls, France","Winter, Spring, Summer",Paracentrotus lividus,"Rissoella verruculosa, Ericaria mediterranea, Ellisolandia elongata, Halopteris scoparia, Padina pavonica, Ulva rigida, Cystoseira compressa, Colpomenia sinuosa, Posidonia oceanica, Codium vermilara, Asparagopsis armata, Dictyota spiralis",NA,NA,NA,NA,NA,NA,NA,NA,NA,NA,30.92934935,NA,1,Figure 3,organic dry mass only but not Conover ratio
Frantzis & Grémare 1992,10.3354/meps095169,"Bay of Banyuls, France","Winter, Spring, Summer",Paracentrotus lividus,"Rissoella verruculosa, Ericaria mediterranea, Ellisolandia elongata, Halopteris scoparia, Padina pavonica, Ulva rigida, Cystoseira compressa, Colpomenia sinuosa, Posidonia oceanica, Codium vermilara, Asparagopsis armata, Dictyota spiralis",NA,NA,NA,NA,NA,NA,NA,NA,NA,NA,56.23229836,NA,1,Figure 3,organic dry mass only but not Conover ratio
Frantzis & Grémare 1992,10.3354/meps095169,"Bay of Banyuls, France","Winter, Spring, Summer",Paracentrotus lividus,"Rissoella verruculosa, Ericaria mediterranea, Ellisolandia elongata, Halopteris scoparia, Padina pavonica, Ulva rigida, Cystoseira compressa, Colpomenia sinuosa, Posidonia oceanica, Codium vermilara, Asparagopsis armata, Dictyota spiralis",NA,NA,NA,NA,NA,NA,NA,NA,NA,NA,53.10887822,NA,1,Figure 3,organic dry mass only but not Conover ratio
Vadas 1977,10.2307/1942173,"San Juan Island, Washington, USA",Annual,Mesocentrotus franciscanus,Nereocystis luetkeana,NA,NA,NA,NA,NA,NA,NA,NA,NA,NA,8.8,1.78,6,Table 4,
Vadas 1977,10.2307/1942173,"San Juan Island, Washington, USA",Annual,Mesocentrotus franciscanus,Costaria costata,NA,NA,NA,NA,NA,NA,NA,NA,NA,NA,17.4,1.06,3,Table 4,
Vadas 1977,10.2307/1942173,"San Juan Island, Washington, USA",Annual,Mesocentrotus franciscanus,Saccharina latissima,NA,NA,NA,NA,NA,NA,NA,NA,NA,NA,22.2,14.78,6,Table 4,
Vadas 1977,10.2307/1942173,"San Juan Island, Washington, USA",Annual,Mesocentrotus franciscanus,Callophyllis flabellulata,NA,NA,NA,NA,NA,NA,NA,NA,NA,NA,29.2,19.13,3,Table 4,
Vadas 1977,10.2307/1942173,"San Juan Island, Washington, USA",Annual,Mesocentrotus franciscanus,Agarum clathratum,NA,NA,NA,NA,NA,NA,NA,NA,NA,NA,44.2,19.92,6,Table 4,
Vadas 1977,10.2307/1942173,"San Juan Island, Washington, USA",Annual,Mesocentrotus franciscanus,Neoagarum fimbriatum,NA,NA,NA,NA,NA,NA,NA,NA,NA,NA,48.5,11.94,6,Table 4,
Vadas 1977,10.2307/1942173,"San Juan Island, Washington, USA",Annual,Mesocentrotus franciscanus,Ulvaria blyttii,NA,NA,NA,NA,NA,NA,NA,NA,NA,NA,52.4,10.63,6,Table 4,
Vadas 1977,10.2307/1942173,"San Juan Island, Washington, USA",Annual,Strongylocentrotus droebachiensis,Nereocystis luetkeana,NA,NA,NA,NA,NA,NA,NA,NA,NA,NA,16.4,5.62,6,Table 4,
Vadas 1977,10.2307/1942173,"San Juan Island, Washington, USA",Annual,Strongylocentrotus droebachiensis,Costaria costata,NA,NA,NA,NA,NA,NA,NA,NA,NA,NA,22.3,3.32,3,Table 4,
Vadas 1977,10.2307/1942173,"San Juan Island, Washington, USA",Annual,Strongylocentrotus droebachiensis,Saccharina latissima,NA,NA,NA,NA,NA,NA,NA,NA,NA,NA,23.2,11.86,6,Table 4,
Vadas 1977,10.2307/1942173,"San Juan Island, Washington, USA",Annual,Strongylocentrotus droebachiensis,Callophyllis flabellulata,NA,NA,NA,NA,NA,NA,NA,NA,NA,NA,37.7,6.38,3,Table 4,
Vadas 1977,10.2307/1942173,"San Juan Island, Washington, USA",Annual,Strongylocentrotus droebachiensis,Ulvaria blyttii,NA,NA,NA,NA,NA,NA,NA,NA,NA,NA,43.7,8.57,6,Table 4,
Vadas 1977,10.2307/1942173,"San Juan Island, Washington, USA",Annual,Strongylocentrotus droebachiensis,Neoagarum fimbriatum,NA,NA,NA,NA,NA,NA,NA,NA,NA,NA,54.5,16.28,6,Table 4,
Vadas 1977,10.2307/1942173,"San Juan Island, Washington, USA",Annual,Strongylocentrotus droebachiensis,Agarum clathratum,NA,NA,NA,NA,NA,NA,NA,NA,NA,NA,60,16.18,6,Table 4,
Vadas 1977,10.2307/1942173,"San Juan Island, Washington, USA",Annual,Strongylocentrotus purpuratus,Nereocystis luetkeana,NA,NA,NA,NA,NA,NA,NA,NA,NA,NA,14.8,5.26,6,Table 4,
Vadas 1977,10.2307/1942173,"San Juan Island, Washington, USA",Annual,Strongylocentrotus purpuratus,Costaria costata,NA,NA,NA,NA,NA,NA,NA,NA,NA,NA,22.6,9.87,3,Table 4,
Vadas 1977,10.2307/1942173,"San Juan Island, Washington, USA",Annual,Strongylocentrotus purpuratus,Callophyllis flabellulata,NA,NA,NA,NA,NA,NA,NA,NA,NA,NA,32.1,16.59,3,Table 4,
Vadas 1977,10.2307/1942173,"San Juan Island, Washington, USA",Annual,Strongylocentrotus purpuratus,Saccharina latissima,NA,NA,NA,NA,NA,NA,NA,NA,NA,NA,35.6,9.87,6,Table 4,
Vadas 1977,10.2307/1942173,"San Juan Island, Washington, USA",Annual,Strongylocentrotus purpuratus,Agarum clathratum,NA,NA,NA,NA,NA,NA,NA,NA,NA,NA,55.7,20.7,6,Table 4,
Vadas 1977,10.2307/1942173,"San Juan Island, Washington, USA",Annual,Strongylocentrotus purpuratus,Neoagarum fimbriatum,NA,NA,NA,NA,NA,NA,NA,NA,NA,NA,63.6,13.81,6,Table 4,
Vadas 1977,10.2307/1942173,"San Juan Island, Washington, USA",Annual,Strongylocentrotus purpuratus,Ulvaria blyttii,NA,NA,NA,NA,NA,NA,NA,NA,NA,NA,72,16.02,6,Table 4,
Sauchyn & Scheibling 2009,10.3354/meps08296,"Splitnose Point, Nova Scotia, Canada",Autumn,Strongylocentrotus droebachiensis,Codium fragile,NA,NA,NA,NA,NA,NA,NA,NA,NA,NA,13.3,13.16358614,12,Table 1,s.d. calculated as s.e.m. * √n
Sauchyn & Scheibling 2009,10.3354/meps08296,"Splitnose Point, Nova Scotia, Canada",Autumn,Strongylocentrotus droebachiensis,Saccharina latissima,NA,NA,NA,NA,NA,NA,NA,NA,NA,NA,35.2,10.39230485,12,Table 1,s.d. calculated as s.e.m. * √n
Sauchyn & Scheibling 2009,10.3354/meps08296,"Splitnose Point, Nova Scotia, Canada",Autumn,Strongylocentrotus droebachiensis,Saccharina latissima,NA,NA,NA,NA,NA,NA,NA,NA,NA,NA,31.9,9.006664199,12,Table 1,s.d. calculated as s.e.m. * √n
Larson et al. 1980,10.1007/BF00396982,"Moose Point State Park, Maine, USA",Summer,Strongylocentrotus droebachiensis,Saccharina latissima,NA,NA,NA,NA,NA,NA,NA,NA,NA,NA,35,NA,NA,Table 4,
Larson et al. 1980,10.1007/BF00396982,"Moose Point State Park, Maine, USA",Winter,Strongylocentrotus droebachiensis,Saccharina latissima,NA,NA,NA,NA,NA,NA,NA,NA,NA,NA,33,NA,NA,Table 4,
Larson et al. 1980,10.1007/BF00396982,"Moose Point State Park, Maine, USA",Summer,Strongylocentrotus droebachiensis,Chondrus crispus,NA,NA,NA,NA,NA,NA,NA,NA,NA,NA,59,NA,NA,Table 4,
Larson et al. 1980,10.1007/BF00396982,"Moose Point State Park, Maine, USA",Winter,Strongylocentrotus droebachiensis,Chondrus crispus,NA,NA,NA,NA,NA,NA,NA,NA,NA,NA,38,NA,NA,Table 4,
Larson et al. 1980,10.1007/BF00396982,"Moose Point State Park, Maine, USA",Summer,Strongylocentrotus droebachiensis,Corallina officinalis,NA,NA,NA,NA,NA,NA,NA,NA,NA,NA,66,NA,NA,Table 4,
Larson et al. 1980,10.1007/BF00396982,"Moose Point State Park, Maine, USA",Winter,Strongylocentrotus droebachiensis,Corallina officinalis,NA,NA,NA,NA,NA,NA,NA,NA,NA,NA,41,NA,NA,Table 4,
Larson et al. 1980,10.1007/BF00396982,"Moose Point State Park, Maine, USA",Summer,Strongylocentrotus droebachiensis,Ascophyllum nodosum,NA,NA,NA,NA,NA,NA,NA,NA,NA,NA,55,NA,NA,Table 4,
Larson et al. 1980,10.1007/BF00396982,"Moose Point State Park, Maine, USA",Winter,Strongylocentrotus droebachiensis,Ascophyllum nodosum,NA,NA,NA,NA,NA,NA,NA,NA,NA,NA,54,NA,NA,Table 4,
Larson et al. 1980,10.1007/BF00396982,"Moose Point State Park, Maine, USA",Summer,Strongylocentrotus droebachiensis,Agarum clathratum,NA,NA,NA,NA,NA,NA,NA,NA,NA,NA,44,NA,NA,Table 4,
Larson et al. 1980,10.1007/BF00396982,"Moose Point State Park, Maine, USA",Winter,Strongylocentrotus droebachiensis,Agarum clathratum,NA,NA,NA,NA,NA,NA,NA,NA,NA,NA,53,NA,NA,Table 4,
Miller & Mann 1973,10.1007/BF00348685,"St. Margaret's Bay, Nova Scotia, Canada","Winter, Spring",Strongylocentrotus droebachiensis,Saccharina latissima,NA,NA,NA,NA,NA,NA,NA,NA,NA,NA,42,15.58845727,12,Table 3,"calories only but similar calorific content of kelp (2.7 kcal g^−1 dry mass) and faeces (2.6 kcal g^−1 dry mass), uncertainty in figures is reported as 2 * s.e.m. so s.d. was calculated as / 2 * √n "
Miller & Mann 1973,10.1007/BF00348685,"St. Margaret's Bay, Nova Scotia, Canada",Spring,Strongylocentrotus droebachiensis,Saccharina latissima,NA,NA,NA,NA,NA,NA,NA,NA,NA,NA,41,7.483314774,14,Table 3,"calories only but similar calorific content of kelp (2.7 kcal g^−1 dry mass) and faeces (2.6 kcal g^−1 dry mass), uncertainty in figures is reported as 2 * s.e.m. so s.d. was calculated as / 2 * √n "
Miller & Mann 1973,10.1007/BF00348685,"St. Margaret's Bay, Nova Scotia, Canada",Summer,Strongylocentrotus droebachiensis,Saccharina latissima,NA,NA,NA,NA,NA,NA,NA,NA,NA,NA,39,9.013878189,13,Table 3,"calories only but similar calorific content of kelp (2.7 kcal g^−1 dry mass) and faeces (2.6 kcal g^−1 dry mass), uncertainty in figures is reported as 2 * s.e.m. so s.d. was calculated as / 2 * √n "
Miller & Mann 1973,10.1007/BF00348685,"St. Margaret's Bay, Nova Scotia, Canada","Summer, Autumn",Strongylocentrotus droebachiensis,Saccharina latissima,NA,NA,NA,NA,NA,NA,NA,NA,NA,NA,29,3.741657387,14,Table 3,"calories only but similar calorific content of kelp (2.7 kcal g^−1 dry mass) and faeces (2.6 kcal g^−1 dry mass), uncertainty in figures is reported as 2 * s.e.m. so s.d. was calculated as / 2 * √n "
Miller & Mann 1973,10.1007/BF00348685,"St. Margaret's Bay, Nova Scotia, Canada",Autumn,Strongylocentrotus droebachiensis,Saccharina latissima,NA,NA,NA,NA,NA,NA,NA,NA,NA,NA,35,5.196152423,12,Table 3,"calories only but similar calorific content of kelp (2.7 kcal g^−1 dry mass) and faeces (2.6 kcal g^−1 dry mass), uncertainty in figures is reported as 2 * s.e.m. so s.d. was calculated as / 2 * √n "
Miller & Mann 1973,10.1007/BF00348685,"St. Margaret's Bay, Nova Scotia, Canada",Winter,Strongylocentrotus droebachiensis,Saccharina latissima,NA,NA,NA,NA,NA,NA,NA,NA,NA,NA,51,9.949874371,11,Table 3,"calories only but similar calorific content of kelp (2.7 kcal g^−1 dry mass) and faeces (2.6 kcal g^−1 dry mass), uncertainty in figures is reported as 2 * s.e.m. so s.d. was calculated as / 2 * √n "
Miller & Mann 1973,10.1007/BF00348685,"St. Margaret's Bay, Nova Scotia, Canada",Autumn,Strongylocentrotus droebachiensis,Saccharina latissima,cal urchin^−1 d^−1,88,NA,1,NA,NA,NA,62,NA,1,NA,NA,NA,Table 4,calories only but similar calorific content of kelp (2.7 kcal g^−1 dry mass) and faeces (2.6 kcal g^−1 dry mass)
Miller & Mann 1973,10.1007/BF00348685,"St. Margaret's Bay, Nova Scotia, Canada",Autumn,Strongylocentrotus droebachiensis,Saccharina latissima,cal urchin^−1 d^−1,52,NA,1,NA,NA,NA,36,NA,1,NA,NA,NA,Table 4,calories only but similar calorific content of kelp (2.7 kcal g^−1 dry mass) and faeces (2.6 kcal g^−1 dry mass)
Miller & Mann 1973,10.1007/BF00348685,"St. Margaret's Bay, Nova Scotia, Canada",Autumn,Strongylocentrotus droebachiensis,Saccharina latissima,cal urchin^−1 d^−1,104,NA,1,NA,NA,NA,69,NA,1,NA,NA,NA,Table 4,calories only but similar calorific content of kelp (2.7 kcal g^−1 dry mass) and faeces (2.6 kcal g^−1 dry mass)
Miller & Mann 1973,10.1007/BF00348685,"St. Margaret's Bay, Nova Scotia, Canada",Winter,Strongylocentrotus droebachiensis,Saccharina latissima,cal urchin^−1 d^−1,57,NA,1,NA,NA,NA,33,NA,1,NA,NA,NA,Table 4,calories only but similar calorific content of kelp (2.7 kcal g^−1 dry mass) and faeces (2.6 kcal g^−1 dry mass)
Miller & Mann 1973,10.1007/BF00348685,"St. Margaret's Bay, Nova Scotia, Canada",Autumn,Strongylocentrotus droebachiensis,Saccharina latissima,cal urchin^−1 d^−1,41,NA,1,NA,NA,NA,29,NA,1,NA,NA,NA,Table 4,calories only but similar calorific content of kelp (2.7 kcal g^−1 dry mass) and faeces (2.6 kcal g^−1 dry mass)
Miller & Mann 1973,10.1007/BF00348685,"St. Margaret's Bay, Nova Scotia, Canada",Autumn,Strongylocentrotus droebachiensis,Saccharina latissima,cal urchin^−1 d^−1,125,NA,1,NA,NA,NA,86,NA,1,NA,NA,NA,Table 4,calories only but similar calorific content of kelp (2.7 kcal g^−1 dry mass) and faeces (2.6 kcal g^−1 dry mass)
Miller & Mann 1973,10.1007/BF00348685,"St. Margaret's Bay, Nova Scotia, Canada",Autumn,Strongylocentrotus droebachiensis,Saccharina latissima,cal urchin^−1 d^−1,68,NA,1,NA,NA,NA,53,NA,1,NA,NA,NA,Table 4,calories only but similar calorific content of kelp (2.7 kcal g^−1 dry mass) and faeces (2.6 kcal g^−1 dry mass)
Miller & Mann 1973,10.1007/BF00348685,"St. Margaret's Bay, Nova Scotia, Canada",Winter,Strongylocentrotus droebachiensis,Saccharina latissima,cal urchin^−1 d^−1,42,NA,1,NA,NA,NA,32,NA,1,NA,NA,NA,Table 4,calories only but similar calorific content of kelp (2.7 kcal g^−1 dry mass) and faeces (2.6 kcal g^−1 dry mass)
Stumpp et al. 2012,10.1016/j.aquatox.2011.12.020,Kattegat,Spring,Strongylocentrotus droebachiensis,Fucus vesiculosus,mg dry mass urchin^−1 d^−1,59.69933854,11.68971738,6,32.3752255,2.21286831,6,NA,NA,NA,NA,NA,NA,Figure 3,
Stumpp et al. 2012,10.1016/j.aquatox.2011.12.020,Kattegat,Spring,Strongylocentrotus droebachiensis,Fucus vesiculosus,mg dry mass urchin^−1 d^−1,55.22549609,4.137101624,6,28.38244137,3.078773301,6,NA,NA,NA,NA,NA,NA,Figure 3,
Stumpp et al. 2012,10.1016/j.aquatox.2011.12.020,Kattegat,Spring,Strongylocentrotus droebachiensis,Fucus vesiculosus,mg dry mass urchin^−1 d^−1,42.09260373,7.408298256,6,18.28021648,3.656043295,6,NA,NA,NA,NA,NA,NA,Figure 3,
Buxton & Field 1983,10.1080/02541858.1983.11447808,"Oudekraal, South Africa",NA,Parechinus angulosus,Ecklonia maxima,mg dry mass urchin^−1 d^−1,4.7,NA,1,0.68,NA,1,NA,NA,NA,NA,NA,NA,Table 1,
Buxton & Field 1983,10.1080/02541858.1983.11447808,"Oudekraal, South Africa",NA,Parechinus angulosus,Ecklonia maxima,mg dry mass urchin^−1 d^−1,13.8,NA,1,5,NA,1,NA,NA,NA,NA,NA,NA,Table 1,
Buxton & Field 1983,10.1080/02541858.1983.11447808,"Oudekraal, South Africa",NA,Parechinus angulosus,Ecklonia maxima,mg dry mass urchin^−1 d^−1,112.7,NA,1,27.6,NA,1,NA,NA,NA,NA,NA,NA,Table 1,
Buxton & Field 1983,10.1080/02541858.1983.11447808,"Oudekraal, South Africa",NA,Parechinus angulosus,Ecklonia maxima,mg dry mass urchin^−1 d^−1,105.1,NA,1,6.8,NA,1,NA,NA,NA,NA,NA,NA,Table 1,
Buxton & Field 1983,10.1080/02541858.1983.11447808,"Oudekraal, South Africa",NA,Parechinus angulosus,Ecklonia maxima,mg dry mass urchin^−1 d^−1,33.6,NA,1,3.9,NA,1,NA,NA,NA,NA,NA,NA,Table 1,
Buxton & Field 1983,10.1080/02541858.1983.11447808,"Oudekraal, South Africa",NA,Parechinus angulosus,Ecklonia maxima,mg dry mass urchin^−1 d^−1,78.1,NA,1,9.1,NA,1,NA,NA,NA,NA,NA,NA,Table 1,
Buxton & Field 1983,10.1080/02541858.1983.11447808,"Oudekraal, South Africa",NA,Parechinus angulosus,Ecklonia maxima,mg dry mass urchin^−1 d^−1,33.8,NA,1,5.4,NA,1,NA,NA,NA,NA,NA,NA,Table 1,
Buxton & Field 1983,10.1080/02541858.1983.11447808,"Oudekraal, South Africa",NA,Parechinus angulosus,Ecklonia maxima,mg dry mass urchin^−1 d^−1,12,NA,1,2.4,NA,1,NA,NA,NA,NA,NA,NA,Table 1,
Buxton & Field 1983,10.1080/02541858.1983.11447808,"Oudekraal, South Africa",NA,Parechinus angulosus,Ecklonia maxima,mg dry mass urchin^−1 d^−1,18.9,NA,1,4.1,NA,1,NA,NA,NA,NA,NA,NA,Table 1,
Buxton & Field 1983,10.1080/02541858.1983.11447808,"Oudekraal, South Africa",NA,Parechinus angulosus,Ecklonia maxima,mg dry mass urchin^−1 d^−1,18.5,NA,1,3,NA,1,NA,NA,NA,NA,NA,NA,Table 1,
Buxton & Field 1983,10.1080/02541858.1983.11447808,"Oudekraal, South Africa",NA,Parechinus angulosus,Ecklonia maxima,mg dry mass urchin^−1 d^−1,47.2,NA,1,3.8,NA,1,NA,NA,NA,NA,NA,NA,Table 1,
Buxton & Field 1983,10.1080/02541858.1983.11447808,"Oudekraal, South Africa",NA,Parechinus angulosus,Ecklonia maxima,mg dry mass urchin^−1 d^−1,82.6,NA,1,9.5,NA,1,NA,NA,NA,NA,NA,NA,Table 1,
Buxton & Field 1983,10.1080/02541858.1983.11447808,"Oudekraal, South Africa",NA,Parechinus angulosus,Ecklonia maxima,mg dry mass urchin^−1 d^−1,102.3,NA,1,7.2,NA,1,NA,NA,NA,NA,NA,NA,Table 1,
Buxton & Field 1983,10.1080/02541858.1983.11447808,"Oudekraal, South Africa",NA,Parechinus angulosus,Ecklonia maxima,mg dry mass urchin^−1 d^−1,64.4,NA,1,11.8,NA,1,NA,NA,NA,NA,NA,NA,Table 1,
Buxton & Field 1983,10.1080/02541858.1983.11447808,"Oudekraal, South Africa",NA,Parechinus angulosus,Ecklonia maxima,mg dry mass urchin^−1 d^−1,114.9,NA,1,7.8,NA,1,NA,NA,NA,NA,NA,NA,Table 1,
Azad et al. 2011,10.1016/j.aquaculture.2011.03.019,"Sombrio, Vancouver Island, British Columbia, Canada","Autumn, Winter",Strongylocentrotus purpuratus,Saccharina latissima,NA,NA,NA,NA,NA,NA,NA,NA,NA,NA,49.6,12.24744871,6,Figure 2a,s.d. calculated as s.e.m. * √n
Azad et al. 2011,10.1016/j.aquaculture.2011.03.019,"Sombrio, Vancouver Island, British Columbia, Canada","Autumn, Winter",Strongylocentrotus purpuratus,Macrocystis pyrifera,NA,NA,NA,NA,NA,NA,NA,NA,NA,NA,23.9,6.736096793,6,Figure 2a,s.d. calculated as s.e.m. * √n
Azad et al. 2011,10.1016/j.aquaculture.2011.03.019,"Sombrio, Vancouver Island, British Columbia, Canada","Autumn, Winter",Strongylocentrotus purpuratus,Nereocystis luetkeana,NA,NA,NA,NA,NA,NA,NA,NA,NA,NA,22.7,3.919183588,6,Figure 2a,s.d. calculated as s.e.m. * √n
Azad et al. 2011,10.1016/j.aquaculture.2011.03.019,"Sombrio, Vancouver Island, British Columbia, Canada","Autumn, Winter",Strongylocentrotus purpuratus,Saccharina latissima,NA,NA,NA,NA,NA,NA,NA,NA,NA,NA,25.8,12.24744871,6,Figure 2a,s.d. calculated as s.e.m. * √n
Azad et al. 2011,10.1016/j.aquaculture.2011.03.019,"Sombrio, Vancouver Island, British Columbia, Canada","Autumn, Winter",Strongylocentrotus purpuratus,Macrocystis pyrifera,NA,NA,NA,NA,NA,NA,NA,NA,NA,NA,16.7,6.123724357,6,Figure 2a,s.d. calculated as s.e.m. * √n
Azad et al. 2011,10.1016/j.aquaculture.2011.03.019,"Sombrio, Vancouver Island, British Columbia, Canada","Autumn, Winter",Strongylocentrotus purpuratus,Nereocystis luetkeana,NA,NA,NA,NA,NA,NA,NA,NA,NA,NA,22.7,3.919183588,6,Figure 2a,s.d. calculated as s.e.m. * √n
Azad et al. 2011,10.1016/j.aquaculture.2011.03.019,"Sombrio, Vancouver Island, British Columbia, Canada","Autumn, Winter",Strongylocentrotus purpuratus,Saccharina latissima,NA,NA,NA,NA,NA,NA,NA,NA,NA,NA,27,12.12497423,6,Figure 2a,s.d. calculated as s.e.m. * √n
Azad et al. 2011,10.1016/j.aquaculture.2011.03.019,"Sombrio, Vancouver Island, British Columbia, Canada","Autumn, Winter",Strongylocentrotus purpuratus,Macrocystis pyrifera,NA,NA,NA,NA,NA,NA,NA,NA,NA,NA,11.1,6.123724357,6,Figure 2a,s.d. calculated as s.e.m. * √n
Azad et al. 2011,10.1016/j.aquaculture.2011.03.019,"Sombrio, Vancouver Island, British Columbia, Canada","Autumn, Winter",Strongylocentrotus purpuratus,Nereocystis luetkeana,NA,NA,NA,NA,NA,NA,NA,NA,NA,NA,18.6,3.796709101,6,Figure 2a,s.d. calculated as s.e.m. * √n
Azad et al. 2011,10.1016/j.aquaculture.2011.03.019,"Sombrio, Vancouver Island, British Columbia, Canada","Autumn, Winter",Strongylocentrotus purpuratus,Saccharina latissima,NA,NA,NA,NA,NA,NA,NA,NA,NA,NA,30.5,12.24744871,6,Figure 2a,s.d. calculated as s.e.m. * √n
Azad et al. 2011,10.1016/j.aquaculture.2011.03.019,"Sombrio, Vancouver Island, British Columbia, Canada","Autumn, Winter",Strongylocentrotus purpuratus,Macrocystis pyrifera,NA,NA,NA,NA,NA,NA,NA,NA,NA,NA,21.1,6.123724357,6,Figure 2a,s.d. calculated as s.e.m. * √n
Azad et al. 2011,10.1016/j.aquaculture.2011.03.019,"Sombrio, Vancouver Island, British Columbia, Canada","Autumn, Winter",Strongylocentrotus purpuratus,Nereocystis luetkeana,NA,NA,NA,NA,NA,NA,NA,NA,NA,NA,23,3.919183588,6,Figure 2a,s.d. calculated as s.e.m. * √n
Azad et al. 2011,10.1016/j.aquaculture.2011.03.019,"Sombrio, Vancouver Island, British Columbia, Canada","Autumn, Winter",Strongylocentrotus purpuratus,Saccharina latissima,NA,NA,NA,NA,NA,NA,NA,NA,NA,NA,24.5,12.12497423,6,Figure 2a,s.d. calculated as s.e.m. * √n
Azad et al. 2011,10.1016/j.aquaculture.2011.03.019,"Sombrio, Vancouver Island, British Columbia, Canada","Autumn, Winter",Strongylocentrotus purpuratus,Macrocystis pyrifera,NA,NA,NA,NA,NA,NA,NA,NA,NA,NA,30.5,6.123724357,6,Figure 2a,s.d. calculated as s.e.m. * √n
Azad et al. 2011,10.1016/j.aquaculture.2011.03.019,"Sombrio, Vancouver Island, British Columbia, Canada","Autumn, Winter",Strongylocentrotus purpuratus,Nereocystis luetkeana,NA,NA,NA,NA,NA,NA,NA,NA,NA,NA,22,3.674234614,6,Figure 2a,s.d. calculated as s.e.m. * √n
Azad et al. 2011,10.1016/j.aquaculture.2011.03.019,"Sombrio, Vancouver Island, British Columbia, Canada","Autumn, Winter",Strongylocentrotus purpuratus,Saccharina latissima,NA,NA,NA,NA,NA,NA,NA,NA,NA,NA,12.7,11.51260179,6,Figure 2a,s.d. calculated as s.e.m. * √n
Azad et al. 2011,10.1016/j.aquaculture.2011.03.019,"Sombrio, Vancouver Island, British Columbia, Canada","Autumn, Winter",Strongylocentrotus purpuratus,Macrocystis pyrifera,NA,NA,NA,NA,NA,NA,NA,NA,NA,NA,21.1,6.123724357,6,Figure 2a,s.d. calculated as s.e.m. * √n
Azad et al. 2011,10.1016/j.aquaculture.2011.03.019,"Sombrio, Vancouver Island, British Columbia, Canada","Autumn, Winter",Strongylocentrotus purpuratus,Nereocystis luetkeana,NA,NA,NA,NA,NA,NA,NA,NA,NA,NA,13.6,3.796709101,6,Figure 2a,s.d. calculated as s.e.m. * √n
del Mar Otero-Villanueva et al. 2004,10.1016/j.jembe.2003.12.002,"Oban, Argyll, Scotland","Autumn, Winter",Psammechinus miliaris,Saccharina latissima,NA,NA,NA,NA,NA,NA,NA,NA,NA,NA,93.53,23.87969849,11,Table 2,"s.d. calculated as s.e.m. * √n, n from Figure 3"
del Mar Otero-Villanueva et al. 2004,10.1016/j.jembe.2003.12.002,"Loch Fyne, Argyll, Scotland",Spring,Psammechinus miliaris,Saccharina latissima,NA,NA,NA,NA,NA,NA,NA,NA,NA,NA,84.22,7.274613392,3,Table 3,"s.d. calculated as s.e.m. * √n, corresponding Figure 4 reports 9 impossible values above 100% defecation"
del Mar Otero-Villanueva et al. 2004,10.1016/j.jembe.2003.12.002,"Loch Fyne, Argyll, Scotland",Summer,Psammechinus miliaris,Saccharina latissima,NA,NA,NA,NA,NA,NA,NA,NA,NA,NA,86.24,5.542562584,3,Table 3,"s.d. calculated as s.e.m. * √n, corresponding Figure 4 reports 9 impossible values above 100% defecation"
del Mar Otero-Villanueva et al. 2004,10.1016/j.jembe.2003.12.002,"Loch Fyne, Argyll, Scotland",Summer,Psammechinus miliaris,Saccharina latissima,NA,NA,NA,NA,NA,NA,NA,NA,NA,NA,91.4,3.983716857,3,Table 3,"s.d. calculated as s.e.m. * √n, corresponding Figure 4 reports 9 impossible values above 100% defecation"
del Mar Otero-Villanueva et al. 2004,10.1016/j.jembe.2003.12.002,"Loch Fyne, Argyll, Scotland",Summer,Psammechinus miliaris,Saccharina latissima,NA,NA,NA,NA,NA,NA,NA,NA,NA,NA,89.96,4.156921938,3,Table 3,"s.d. calculated as s.e.m. * √n, corresponding Figure 4 reports 9 impossible values above 100% defecation"
del Mar Otero-Villanueva et al. 2004,10.1016/j.jembe.2003.12.002,"Loch Fyne, Argyll, Scotland",Autumn,Psammechinus miliaris,Saccharina latissima,NA,NA,NA,NA,NA,NA,NA,NA,NA,NA,87.15,6.235382907,3,Table 3,"s.d. calculated as s.e.m. * √n, corresponding Figure 4 reports 9 impossible values above 100% defecation"
Jacquin et al. 2006,10.1016/j.jembe.2006.07.005,"Bay of Brest, France",Autumn,Paracentrotus lividus,Palmaria palmata,mg dry mass urchin^−1 d^−1,51.67630058,13.17919075,3,8.063583815,2.904624277,3,NA,NA,NA,NA,NA,NA,Figure 4a,n from text
Jacquin et al. 2006,10.1016/j.jembe.2006.07.005,"Bay of Brest, France",Autumn,Paracentrotus lividus,Palmaria palmata,mg dry mass urchin^−1 d^−1,50.75144509,11.79190751,3,4.638728324,1.560693642,3,NA,NA,NA,NA,NA,NA,Figure 4a,n from text
Jacquin et al. 2006,10.1016/j.jembe.2006.07.005,"Bay of Brest, France",Autumn,Paracentrotus lividus,Palmaria palmata,mg dry mass urchin^−1 d^−1,66.93641618,9.36416185,3,6.199421965,0.780346821,3,NA,NA,NA,NA,NA,NA,Figure 4a,n from text
Jacquin et al. 2006,10.1016/j.jembe.2006.07.005,"Bay of Brest, France",Autumn,Paracentrotus lividus,Palmaria palmata,mg dry mass urchin^−1 d^−1,46.58959538,8.901734104,3,4.291907514,0.606936416,3,NA,NA,NA,NA,NA,NA,Figure 4a,n from text
Jacquin et al. 2006,10.1016/j.jembe.2006.07.005,"Bay of Brest, France",Winter,Paracentrotus lividus,Palmaria palmata,mg dry mass urchin^−1 d^−1,38.84393064,18.15028902,3,4.421965318,4.595375723,3,NA,NA,NA,NA,NA,NA,Figure 4a,n from text
Jacquin et al. 2006,10.1016/j.jembe.2006.07.005,"Bay of Brest, France",Winter,Paracentrotus lividus,Palmaria palmata,mg dry mass urchin^−1 d^−1,57.22543353,10.40462428,3,6.026011561,4.50867052,3,NA,NA,NA,NA,NA,NA,Figure 4a,n from text
Jacquin et al. 2006,10.1016/j.jembe.2006.07.005,"Bay of Brest, France",Winter,Paracentrotus lividus,Palmaria palmata,mg dry mass urchin^−1 d^−1,59.07514451,1.849710983,3,6.112716763,2.167630058,3,NA,NA,NA,NA,NA,NA,Figure 4a,n from text
Jacquin et al. 2006,10.1016/j.jembe.2006.07.005,"Bay of Brest, France",Winter,Paracentrotus lividus,Palmaria palmata,mg dry mass urchin^−1 d^−1,44.16184971,5.664739884,3,6.546242775,1.040462428,3,NA,NA,NA,NA,NA,NA,Figure 4a,n from text
Jacquin et al. 2006,10.1016/j.jembe.2006.07.005,"Bay of Brest, France",Winter,Paracentrotus lividus,Palmaria palmata,mg dry mass urchin^−1 d^−1,34.21965318,3.352601156,3,5.462427746,1.170520231,3,NA,NA,NA,NA,NA,NA,Figure 4a,n from text
Jacquin et al. 2006,10.1016/j.jembe.2006.07.005,"Bay of Brest, France",Spring,Paracentrotus lividus,Palmaria palmata,mg dry mass urchin^−1 d^−1,39.30635838,5.780346821,3,6.849710983,1.604046243,3,NA,NA,NA,NA,NA,NA,Figure 4a,n from text
Jacquin et al. 2006,10.1016/j.jembe.2006.07.005,"Bay of Brest, France",Spring,Paracentrotus lividus,Palmaria palmata,mg dry mass urchin^−1 d^−1,30.28901734,12.94797688,3,2.904624277,0.867052023,3,NA,NA,NA,NA,NA,NA,Figure 4a,n from text
Jacquin et al. 2006,10.1016/j.jembe.2006.07.005,"Bay of Brest, France",Spring,Paracentrotus lividus,Palmaria palmata,mg dry mass urchin^−1 d^−1,42.65895954,12.02312139,3,3.858381503,1.51734104,3,NA,NA,NA,NA,NA,NA,Figure 4a,n from text
Jacquin et al. 2006,10.1016/j.jembe.2006.07.005,"Bay of Brest, France",Spring,Paracentrotus lividus,Palmaria palmata,mg dry mass urchin^−1 d^−1,50.1734104,8.323699422,3,6.286127168,1.647398844,3,NA,NA,NA,NA,NA,NA,Figure 4a,n from text
Jacquin et al. 2006,10.1016/j.jembe.2006.07.005,"Bay of Brest, France",Summer,Paracentrotus lividus,Palmaria palmata,mg dry mass urchin^−1 d^−1,48.32369942,3.815028902,3,6.112716763,0.433526012,3,NA,NA,NA,NA,NA,NA,Figure 4a,n from text
Jacquin et al. 2006,10.1016/j.jembe.2006.07.005,"Bay of Brest, France",Summer,Paracentrotus lividus,Palmaria palmata,mg dry mass urchin^−1 d^−1,50.52023121,4.855491329,3,5.115606936,0.73699422,3,NA,NA,NA,NA,NA,NA,Figure 4a,n from text
Jacquin et al. 2006,10.1016/j.jembe.2006.07.005,"Bay of Brest, France",Summer,Paracentrotus lividus,Palmaria palmata,mg dry mass urchin^−1 d^−1,52.71676301,11.79190751,3,7.456647399,3.294797688,3,NA,NA,NA,NA,NA,NA,Figure 4a,n from text
Jacquin et al. 2006,10.1016/j.jembe.2006.07.005,"Bay of Brest, France",Summer,Paracentrotus lividus,Palmaria palmata,mg dry mass urchin^−1 d^−1,48.67052023,13.6416185,3,8.020231214,2.037572254,3,NA,NA,NA,NA,NA,NA,Figure 4a,n from text
Jacquin et al. 2006,10.1016/j.jembe.2006.07.005,"Bay of Brest, France",Summer,Paracentrotus lividus,Palmaria palmata,mg dry mass urchin^−1 d^−1,44.27745665,11.0982659,3,5.028901734,0.910404624,3,NA,NA,NA,NA,NA,NA,Figure 4a,n from text
Jacquin et al. 2006,10.1016/j.jembe.2006.07.005,"Bay of Brest, France",Summer,Paracentrotus lividus,Palmaria palmata,mg dry mass urchin^−1 d^−1,38.7283237,6.011560694,3,6.936416185,3.424855491,3,NA,NA,NA,NA,NA,NA,Figure 4a,n from text
Jacquin et al. 2006,10.1016/j.jembe.2006.07.005,"Bay of Brest, France",Autumn,Psammechinus miliaris,Palmaria palmata,mg dry mass urchin^−1 d^−1,43.55167394,16.30276565,3,4.410480349,0.742358079,3,NA,NA,NA,NA,NA,NA,Figure 4b,n from text
Jacquin et al. 2006,10.1016/j.jembe.2006.07.005,"Bay of Brest, France",Autumn,Psammechinus miliaris,Palmaria palmata,mg dry mass urchin^−1 d^−1,53.56622999,8.384279476,3,7.423580786,2.096069869,3,NA,NA,NA,NA,NA,NA,Figure 4b,n from text
Jacquin et al. 2006,10.1016/j.jembe.2006.07.005,"Bay of Brest, France",Autumn,Psammechinus miliaris,Palmaria palmata,mg dry mass urchin^−1 d^−1,63.58078603,10.13100437,3,9.344978166,0.611353712,3,NA,NA,NA,NA,NA,NA,Figure 4b,n from text
Jacquin et al. 2006,10.1016/j.jembe.2006.07.005,"Bay of Brest, France",Autumn,Psammechinus miliaris,Palmaria palmata,mg dry mass urchin^−1 d^−1,58.57350801,6.404657933,3,8.864628821,0.829694323,3,NA,NA,NA,NA,NA,NA,Figure 4b,n from text
Jacquin et al. 2006,10.1016/j.jembe.2006.07.005,"Bay of Brest, France",Winter,Psammechinus miliaris,Palmaria palmata,mg dry mass urchin^−1 d^−1,50.42212518,14.78893741,3,8.995633188,0.873362445,3,NA,NA,NA,NA,NA,NA,Figure 4b,n from text
Jacquin et al. 2006,10.1016/j.jembe.2006.07.005,"Bay of Brest, France",Winter,Psammechinus miliaris,Palmaria palmata,mg dry mass urchin^−1 d^−1,78.95196507,1.979621543,3,8.689956332,1.528384279,3,NA,NA,NA,NA,NA,NA,Figure 4b,n from text
Jacquin et al. 2006,10.1016/j.jembe.2006.07.005,"Bay of Brest, France",Winter,Psammechinus miliaris,Palmaria palmata,mg dry mass urchin^−1 d^−1,64.62882096,6.521106259,3,16.8558952,7.074235808,3,NA,NA,NA,NA,NA,NA,Figure 4b,n from text
Jacquin et al. 2006,10.1016/j.jembe.2006.07.005,"Bay of Brest, France",Winter,Psammechinus miliaris,Palmaria palmata,mg dry mass urchin^−1 d^−1,51.35371179,1.280931587,3,11.35371179,1.135371179,3,NA,NA,NA,NA,NA,NA,Figure 4b,n from text
Jacquin et al. 2006,10.1016/j.jembe.2006.07.005,"Bay of Brest, France",Winter,Psammechinus miliaris,Palmaria palmata,mg dry mass urchin^−1 d^−1,65.56040757,1.513828239,3,16.59388646,5.676855895,3,NA,NA,NA,NA,NA,NA,Figure 4b,n from text
Jacquin et al. 2006,10.1016/j.jembe.2006.07.005,"Bay of Brest, France",Spring,Psammechinus miliaris,Palmaria palmata,mg dry mass urchin^−1 d^−1,25.15283843,12.34352256,3,4.585152838,2.183406114,3,NA,NA,NA,NA,NA,NA,Figure 4b,n from text
Jacquin et al. 2006,10.1016/j.jembe.2006.07.005,"Bay of Brest, France",Spring,Psammechinus miliaris,Palmaria palmata,mg dry mass urchin^−1 d^−1,20.49490539,3.26055313,3,5.109170306,0.873362445,3,NA,NA,NA,NA,NA,NA,Figure 4b,n from text
Jacquin et al. 2006,10.1016/j.jembe.2006.07.005,"Bay of Brest, France",Spring,Psammechinus miliaris,Palmaria palmata,mg dry mass urchin^−1 d^−1,30.3930131,8.034934498,3,4.934497817,3.362445415,3,NA,NA,NA,NA,NA,NA,Figure 4b,n from text
Jacquin et al. 2006,10.1016/j.jembe.2006.07.005,"Bay of Brest, France",Spring,Psammechinus miliaris,Palmaria palmata,mg dry mass urchin^−1 d^−1,55.89519651,10.24745269,3,24.97816594,5.327510917,3,NA,NA,NA,NA,NA,NA,Figure 4b,n from text
Jacquin et al. 2006,10.1016/j.jembe.2006.07.005,"Bay of Brest, France",Summer,Psammechinus miliaris,Palmaria palmata,mg dry mass urchin^−1 d^−1,68.00582242,10.01455604,3,18.25327511,6.899563319,3,NA,NA,NA,NA,NA,NA,Figure 4b,n from text
Jacquin et al. 2006,10.1016/j.jembe.2006.07.005,"Bay of Brest, France",Summer,Psammechinus miliaris,Palmaria palmata,mg dry mass urchin^−1 d^−1,60.3202329,14.67248908,3,12.7510917,2.270742358,3,NA,NA,NA,NA,NA,NA,Figure 4b,n from text
Jacquin et al. 2006,10.1016/j.jembe.2006.07.005,"Bay of Brest, France",Summer,Psammechinus miliaris,Palmaria palmata,mg dry mass urchin^−1 d^−1,54.73071325,7.68558952,3,8.296943231,2.227074236,3,NA,NA,NA,NA,NA,NA,Figure 4b,n from text
Jacquin et al. 2006,10.1016/j.jembe.2006.07.005,"Bay of Brest, France",Summer,Psammechinus miliaris,Palmaria palmata,mg dry mass urchin^−1 d^−1,68.35516739,5.938864629,3,12.83842795,8.122270742,3,NA,NA,NA,NA,NA,NA,Figure 4b,n from text
Jacquin et al. 2006,10.1016/j.jembe.2006.07.005,"Bay of Brest, France",Summer,Psammechinus miliaris,Palmaria palmata,mg dry mass urchin^−1 d^−1,58.22416303,8.500727802,3,14.58515284,2.183406114,3,NA,NA,NA,NA,NA,NA,Figure 4b,n from text
Jacquin et al. 2006,10.1016/j.jembe.2006.07.005,"Bay of Brest, France",Summer,Psammechinus miliaris,Palmaria palmata,mg dry mass urchin^−1 d^−1,50.77147016,8.733624454,3,13.97379913,4.80349345,3,NA,NA,NA,NA,NA,NA,Figure 4b,n from text
Inomata et al. 2016,10.1016/j.aquaculture.2015.12.003,"Kitsunezaki, Miyagi Prefecture, Japan","Spring, Summer",Mesocentrotus nudus,Pyropia yezoensis,NA,NA,NA,NA,NA,NA,NA,NA,NA,NA,3.8,0.173205081,3,Table 3,s.d. calculated as s.e.m. * √n
Hiratsuka & Uehara 2007 ,10.1016/j.cbpa.2007.04.009,"Onna, Okinawa, Japan",Winter,Echinometra sp. A,"Ectocarpus, Centroceras, Hydrolithon, Jania, Polysiphonia, Sphacelaria, Enteromorpha, Lobophora, Laurencia, Cladophora, Ceramium, Leveillea",NA,NA,NA,NA,NA,NA,NA,NA,NA,NA,64.4,3.2,10,Table 3,reconstituted algal feed
Hiratsuka & Uehara 2007 ,10.1016/j.cbpa.2007.04.009,"Onna, Okinawa, Japan",Winter,Echinometra mathaei,"Ectocarpus, Centroceras, Hydrolithon, Jania, Polysiphonia, Sphacelaria, Enteromorpha, Lobophora, Laurencia, Cladophora, Ceramium, Leveillea",NA,NA,NA,NA,NA,NA,NA,NA,NA,NA,53.3,5.6,10,Table 3,reconstituted algal feed
Hiratsuka & Uehara 2007 ,10.1016/j.cbpa.2007.04.009,"Onna, Okinawa, Japan",Winter,Echinometra sp. C,"Ectocarpus, Centroceras, Hydrolithon, Jania, Polysiphonia, Sphacelaria, Enteromorpha, Lobophora, Laurencia, Cladophora, Ceramium, Leveillea",NA,NA,NA,NA,NA,NA,NA,NA,NA,NA,54.2,6.4,10,Table 3,reconstituted algal feed
Hiratsuka & Uehara 2007 ,10.1016/j.cbpa.2007.04.009,"Onna, Okinawa, Japan",Winter,Echinometra oblonga,"Ectocarpus, Centroceras, Hydrolithon, Jania, Polysiphonia, Sphacelaria, Enteromorpha, Lobophora, Laurencia, Cladophora, Ceramium, Leveillea",NA,NA,NA,NA,NA,NA,NA,NA,NA,NA,44,5.6,10,Table 3,reconstituted algal feed
Ciriminna et al. 2024,10.1016/j.aqrep.2024.102017,"Santa Marinella, Italy",Spring,Paracentrotus lividus,"Phymatolithon calcareum, Laminaria sp., Ulva sp.",NA,NA,NA,NA,NA,NA,NA,NA,NA,NA,66.06217617,5.388601036,3,Figure 2,"reconstituted algal feed, n from text"
Agatsuma 2000,10.1046/j.1444-2906.2000.00075.x,"Suttsu, Hokkaido, Japan",Spring,Strongylocentrotus intermedius,Saccharina religiosa,NA,NA,NA,NA,NA,NA,NA,NA,NA,NA,41.15810103,11.88678547,6,Figure 3,"n calculated from text as mean monthly days divided by mean experimental days, i.e. 30.4 / 5.5"
Agatsuma 2000,10.1046/j.1444-2906.2000.00075.x,"Suttsu, Hokkaido, Japan",Summer,Strongylocentrotus intermedius,Saccharina religiosa,NA,NA,NA,NA,NA,NA,NA,NA,NA,NA,26.09571036,8.490561049,6,Figure 3,"n calculated from text as mean monthly days divided by mean experimental days, i.e. 30.4 / 5.5"
Agatsuma 2000,10.1046/j.1444-2906.2000.00075.x,"Suttsu, Hokkaido, Japan",Summer,Strongylocentrotus intermedius,Saccharina religiosa,NA,NA,NA,NA,NA,NA,NA,NA,NA,NA,42.87345243,9.870277219,6,Figure 3,"n calculated from text as mean monthly days divided by mean experimental days, i.e. 30.4 / 5.5"
Agatsuma 2000,10.1046/j.1444-2906.2000.00075.x,"Suttsu, Hokkaido, Japan",Summer,Strongylocentrotus intermedius,Saccharina religiosa,NA,NA,NA,NA,NA,NA,NA,NA,NA,NA,52.96424309,13.16026386,6,Figure 3,"n calculated from text as mean monthly days divided by mean experimental days, i.e. 30.4 / 5.5"
Agatsuma 2000,10.1046/j.1444-2906.2000.00075.x,"Suttsu, Hokkaido, Japan",Autumn,Strongylocentrotus intermedius,Saccharina religiosa,NA,NA,NA,NA,NA,NA,NA,NA,NA,NA,48.40892172,2.334904288,6,Figure 3,"n calculated from text as mean monthly days divided by mean experimental days, i.e. 30.4 / 5.5"
Agatsuma 2000,10.1046/j.1444-2906.2000.00075.x,"Suttsu, Hokkaido, Japan",Autumn,Strongylocentrotus intermedius,Saccharina religiosa,NA,NA,NA,NA,NA,NA,NA,NA,NA,NA,60.14544604,9.817264094,6,Figure 3,"n calculated from text as mean monthly days divided by mean experimental days, i.e. 30.4 / 5.5"
Agatsuma 2000,10.1046/j.1444-2906.2000.00075.x,"Suttsu, Hokkaido, Japan",Autumn,Strongylocentrotus intermedius,Saccharina religiosa,NA,NA,NA,NA,NA,NA,NA,NA,NA,NA,40.14775811,10.29469951,6,Figure 3,"n calculated from text as mean monthly days divided by mean experimental days, i.e. 30.4 / 5.5"
Agatsuma 2000,10.1046/j.1444-2906.2000.00075.x,"Suttsu, Hokkaido, Japan",Winter,Strongylocentrotus intermedius,Saccharina religiosa,NA,NA,NA,NA,NA,NA,NA,NA,NA,NA,43.55291941,8.066085877,6,Figure 3,"n calculated from text as mean monthly days divided by mean experimental days, i.e. 30.4 / 5.5"
Agatsuma 2000,10.1046/j.1444-2906.2000.00075.x,"Suttsu, Hokkaido, Japan",Winter,Strongylocentrotus intermedius,Saccharina religiosa,NA,NA,NA,NA,NA,NA,NA,NA,NA,NA,63.51414594,12.52347179,6,Figure 3,"n calculated from text as mean monthly days divided by mean experimental days, i.e. 30.4 / 5.5"
Agatsuma 2000,10.1046/j.1444-2906.2000.00075.x,"Suttsu, Hokkaido, Japan",Winter,Strongylocentrotus intermedius,Saccharina religiosa,NA,NA,NA,NA,NA,NA,NA,NA,NA,NA,48.02717433,13.00122449,6,Figure 3,"n calculated from text as mean monthly days divided by mean experimental days, i.e. 30.4 / 5.5"
Agatsuma 2000,10.1046/j.1444-2906.2000.00075.x,"Suttsu, Hokkaido, Japan",Spring,Strongylocentrotus intermedius,Saccharina religiosa,NA,NA,NA,NA,NA,NA,NA,NA,NA,NA,76.2672267,14.11566351,6,Figure 3,"n calculated from text as mean monthly days divided by mean experimental days, i.e. 30.4 / 5.5"
Agatsuma 2000,10.1046/j.1444-2906.2000.00075.x,"Suttsu, Hokkaido, Japan",Spring,Strongylocentrotus intermedius,Saccharina religiosa,NA,NA,NA,NA,NA,NA,NA,NA,NA,NA,30.79780274,8.118993241,6,Figure 3,"n calculated from text as mean monthly days divided by mean experimental days, i.e. 30.4 / 5.5"
Agatsuma 2000,10.1046/j.1444-2906.2000.00075.x,"Suttsu, Hokkaido, Japan",Spring,Strongylocentrotus intermedius,Sargassum confusum,NA,NA,NA,NA,NA,NA,NA,NA,NA,NA,44.66035171,9.870277219,4,Figure 3,"n calculated from text as mean monthly days divided by mean experimental days, i.e. 30.4 / 8"
Agatsuma 2000,10.1046/j.1444-2906.2000.00075.x,"Suttsu, Hokkaido, Japan",Summer,Strongylocentrotus intermedius,Sargassum confusum,NA,NA,NA,NA,NA,NA,NA,NA,NA,NA,43.92583568,5.83720784,4,Figure 3,"n calculated from text as mean monthly days divided by mean experimental days, i.e. 30.4 / 8"
Agatsuma 2000,10.1046/j.1444-2906.2000.00075.x,"Suttsu, Hokkaido, Japan",Summer,Strongylocentrotus intermedius,Sargassum confusum,NA,NA,NA,NA,NA,NA,NA,NA,NA,NA,58.47485835,12.52347179,4,Figure 3,"n calculated from text as mean monthly days divided by mean experimental days, i.e. 30.4 / 8"
Agatsuma 2000,10.1046/j.1444-2906.2000.00075.x,"Suttsu, Hokkaido, Japan",Summer,Strongylocentrotus intermedius,Sargassum confusum,NA,NA,NA,NA,NA,NA,NA,NA,NA,NA,42.35104178,8.702825075,4,Figure 3,"n calculated from text as mean monthly days divided by mean experimental days, i.e. 30.4 / 8"
Agatsuma 2000,10.1046/j.1444-2906.2000.00075.x,"Suttsu, Hokkaido, Japan",Autumn,Strongylocentrotus intermedius,Sargassum confusum,NA,NA,NA,NA,NA,NA,NA,NA,NA,NA,26.81100417,7.482254043,4,Figure 3,"n calculated from text as mean monthly days divided by mean experimental days, i.e. 30.4 / 8"
Agatsuma 2000,10.1046/j.1444-2906.2000.00075.x,"Suttsu, Hokkaido, Japan",Autumn,Strongylocentrotus intermedius,Sargassum confusum,NA,NA,NA,NA,NA,NA,NA,NA,NA,NA,32.39181885,7.535425812,4,Figure 3,"n calculated from text as mean monthly days divided by mean experimental days, i.e. 30.4 / 8"
Agatsuma 2000,10.1046/j.1444-2906.2000.00075.x,"Suttsu, Hokkaido, Japan",Autumn,Strongylocentrotus intermedius,Sargassum confusum,NA,NA,NA,NA,NA,NA,NA,NA,NA,NA,46.88724671,3.2370264,4,Figure 3,"n calculated from text as mean monthly days divided by mean experimental days, i.e. 30.4 / 8"
Agatsuma 2000,10.1046/j.1444-2906.2000.00075.x,"Suttsu, Hokkaido, Japan",Winter,Strongylocentrotus intermedius,Sargassum confusum,NA,NA,NA,NA,NA,NA,NA,NA,NA,NA,46.89602494,5.253534649,4,Figure 3,"n calculated from text as mean monthly days divided by mean experimental days, i.e. 30.4 / 8"
Agatsuma 2000,10.1046/j.1444-2906.2000.00075.x,"Suttsu, Hokkaido, Japan",Winter,Strongylocentrotus intermedius,Sargassum confusum,NA,NA,NA,NA,NA,NA,NA,NA,NA,NA,45.15320191,5.943286972,4,Figure 3,"n calculated from text as mean monthly days divided by mean experimental days, i.e. 30.4 / 8"
Agatsuma 2000,10.1046/j.1444-2906.2000.00075.x,"Suttsu, Hokkaido, Japan",Winter,Strongylocentrotus intermedius,Sargassum confusum,NA,NA,NA,NA,NA,NA,NA,NA,NA,NA,39.5365604,6.367920787,4,Figure 3,"n calculated from text as mean monthly days divided by mean experimental days, i.e. 30.4 / 8"
Agatsuma 2000,10.1046/j.1444-2906.2000.00075.x,"Suttsu, Hokkaido, Japan",Spring,Strongylocentrotus intermedius,Sargassum confusum,NA,NA,NA,NA,NA,NA,NA,NA,NA,NA,36.2022331,4.616689689,4,Figure 3,"n calculated from text as mean monthly days divided by mean experimental days, i.e. 30.4 / 8"
Agatsuma 2000,10.1046/j.1444-2906.2000.00075.x,"Suttsu, Hokkaido, Japan",Spring,Strongylocentrotus intermedius,Sargassum confusum,NA,NA,NA,NA,NA,NA,NA,NA,NA,NA,48.5750207,12.52357755,4,Figure 3,"n calculated from text as mean monthly days divided by mean experimental days, i.e. 30.4 / 8"
Ganteaume et al. 1998,10.1017/S0025315400040066,"Saména, Bouches-du-Rhône, France",Spring,Paracentrotus lividus,Caulerpa taxifolia,NA,NA,NA,NA,NA,NA,NA,NA,NA,NA,97.56097561,NA,NA,Table 1,
Ganteaume et al. 1998,10.1017/S0025315400040066,"Saména, Bouches-du-Rhône, France",Spring,Paracentrotus lividus,Caulerpa taxifolia,NA,NA,NA,NA,NA,NA,NA,NA,NA,NA,92.85714286,NA,NA,Table 1,Revisit
Ganteaume et al. 1998,10.1017/S0025315400040066,"Saména, Bouches-du-Rhône, France",Summer,Paracentrotus lividus,Caulerpa taxifolia,NA,NA,NA,NA,NA,NA,NA,NA,NA,NA,81.96721311,NA,NA,Table 1,
Ganteaume et al. 1998,10.1017/S0025315400040066,"Saména, Bouches-du-Rhône, France",Summer,Paracentrotus lividus,Caulerpa taxifolia,NA,NA,NA,NA,NA,NA,NA,NA,NA,NA,50.79365079,NA,NA,Table 1,
Ganteaume et al. 1998,10.1017/S0025315400040066,"Saména, Bouches-du-Rhône, France",Summer,Paracentrotus lividus,Caulerpa taxifolia,NA,NA,NA,NA,NA,NA,NA,NA,NA,NA,52.77777778,NA,NA,Table 1,
Ganteaume et al. 1998,10.1017/S0025315400040066,"Saména, Bouches-du-Rhône, France",Summer,Paracentrotus lividus,Caulerpa taxifolia,NA,NA,NA,NA,NA,NA,NA,NA,NA,NA,0,NA,NA,Table 1,
Ganteaume et al. 1998,10.1017/S0025315400040066,"Saména, Bouches-du-Rhône, France",Summer,Paracentrotus lividus,Caulerpa taxifolia,NA,NA,NA,NA,NA,NA,NA,NA,NA,NA,37.09677419,NA,NA,Table 1,
Ganteaume et al. 1998,10.1017/S0025315400040066,"Saména, Bouches-du-Rhône, France",Autumn,Paracentrotus lividus,Caulerpa taxifolia,NA,NA,NA,NA,NA,NA,NA,NA,NA,NA,89.74358974,NA,NA,Table 1,
Ganteaume et al. 1998,10.1017/S0025315400040066,"Saména, Bouches-du-Rhône, France",Autumn,Paracentrotus lividus,Caulerpa taxifolia,NA,NA,NA,NA,NA,NA,NA,NA,NA,NA,43.20987654,NA,NA,Table 1,
Ganteaume et al. 1998,10.1017/S0025315400040066,"Saména, Bouches-du-Rhône, France",Autumn,Paracentrotus lividus,Caulerpa taxifolia,NA,NA,NA,NA,NA,NA,NA,NA,NA,NA,15.15151515,NA,NA,Table 1,
Ganteaume et al. 1998,10.1017/S0025315400040066,"Saména, Bouches-du-Rhône, France",Autumn,Paracentrotus lividus,Caulerpa taxifolia,NA,NA,NA,NA,NA,NA,NA,NA,NA,NA,68,NA,NA,Table 1,
Ganteaume et al. 1998,10.1017/S0025315400040066,"Saména, Bouches-du-Rhône, France",Spring,Paracentrotus lividus,Cystoseira compressa,NA,NA,NA,NA,NA,NA,NA,NA,NA,NA,80.43478261,NA,NA,Table 1,
Ganteaume et al. 1998,10.1017/S0025315400040066,"Saména, Bouches-du-Rhône, France",Spring,Paracentrotus lividus,Cystoseira compressa,NA,NA,NA,NA,NA,NA,NA,NA,NA,NA,51.19047619,NA,NA,Table 1,
Ganteaume et al. 1998,10.1017/S0025315400040066,"Saména, Bouches-du-Rhône, France",Spring,Paracentrotus lividus,Cystoseira compressa,NA,NA,NA,NA,NA,NA,NA,NA,NA,NA,66.66666667,NA,NA,Table 1,
Ganteaume et al. 1998,10.1017/S0025315400040066,"Saména, Bouches-du-Rhône, France",Spring,Paracentrotus lividus,Cystoseira compressa,NA,NA,NA,NA,NA,NA,NA,NA,NA,NA,66.29213483,NA,NA,Table 1,
Ganteaume et al. 1998,10.1017/S0025315400040066,"Saména, Bouches-du-Rhône, France",Spring,Paracentrotus lividus,Cystoseira compressa,NA,NA,NA,NA,NA,NA,NA,NA,NA,NA,93.24324324,NA,NA,Table 1,
Ganteaume et al. 1998,10.1017/S0025315400040066,"Saména, Bouches-du-Rhône, France",Spring,Paracentrotus lividus,Cystoseira compressa,NA,NA,NA,NA,NA,NA,NA,NA,NA,NA,93.22033898,NA,NA,Table 1,
Ganteaume et al. 1998,10.1017/S0025315400040066,"Saména, Bouches-du-Rhône, France",Summer,Paracentrotus lividus,Cystoseira compressa,NA,NA,NA,NA,NA,NA,NA,NA,NA,NA,92.59259259,NA,NA,Table 1,
Ganteaume et al. 1998,10.1017/S0025315400040066,"Saména, Bouches-du-Rhône, France",Summer,Paracentrotus lividus,Cystoseira compressa,NA,NA,NA,NA,NA,NA,NA,NA,NA,NA,69.01408451,NA,NA,Table 1,
Ganteaume et al. 1998,10.1017/S0025315400040066,"Saména, Bouches-du-Rhône, France",Summer,Paracentrotus lividus,Cystoseira compressa,NA,NA,NA,NA,NA,NA,NA,NA,NA,NA,83.21167883,NA,NA,Table 1,
Ganteaume et al. 1998,10.1017/S0025315400040066,"Saména, Bouches-du-Rhône, France",Autumn,Paracentrotus lividus,Cystoseira compressa,NA,NA,NA,NA,NA,NA,NA,NA,NA,NA,89.77272727,NA,NA,Table 1,
Ganteaume et al. 1998,10.1017/S0025315400040066,"Saména, Bouches-du-Rhône, France",Spring,Paracentrotus lividus,Halopteris scoparia,NA,NA,NA,NA,NA,NA,NA,NA,NA,NA,60,NA,NA,Table 1,
Ganteaume et al. 1998,10.1017/S0025315400040066,"Saména, Bouches-du-Rhône, France",Spring,Paracentrotus lividus,Halopteris scoparia,NA,NA,NA,NA,NA,NA,NA,NA,NA,NA,85.44600939,NA,NA,Table 1,
Ganteaume et al. 1998,10.1017/S0025315400040066,"Saména, Bouches-du-Rhône, France",Spring,Paracentrotus lividus,Halopteris scoparia,NA,NA,NA,NA,NA,NA,NA,NA,NA,NA,76.86567164,NA,NA,Table 1,
Ganteaume et al. 1998,10.1017/S0025315400040066,"Saména, Bouches-du-Rhône, France",Spring,Paracentrotus lividus,Halopteris scoparia,NA,NA,NA,NA,NA,NA,NA,NA,NA,NA,69.62025316,NA,NA,Table 1,
Ganteaume et al. 1998,10.1017/S0025315400040066,"Saména, Bouches-du-Rhône, France",Spring,Paracentrotus lividus,Halopteris scoparia,NA,NA,NA,NA,NA,NA,NA,NA,NA,NA,90.57971014,NA,NA,Table 1,
Ganteaume et al. 1998,10.1017/S0025315400040066,"Saména, Bouches-du-Rhône, France",Spring,Paracentrotus lividus,Halopteris scoparia,NA,NA,NA,NA,NA,NA,NA,NA,NA,NA,86.7768595,NA,NA,Table 1,
Ganteaume et al. 1998,10.1017/S0025315400040066,"Saména, Bouches-du-Rhône, France",Summer,Paracentrotus lividus,Halopteris scoparia,NA,NA,NA,NA,NA,NA,NA,NA,NA,NA,73.52941176,NA,NA,Table 1,
Ganteaume et al. 1998,10.1017/S0025315400040066,"Saména, Bouches-du-Rhône, France",Summer,Paracentrotus lividus,Halopteris scoparia,NA,NA,NA,NA,NA,NA,NA,NA,NA,NA,74.35897436,NA,NA,Table 1,
Ganteaume et al. 1998,10.1017/S0025315400040066,"Saména, Bouches-du-Rhône, France",Summer,Paracentrotus lividus,Halopteris scoparia,NA,NA,NA,NA,NA,NA,NA,NA,NA,NA,72.26890756,NA,NA,Table 1,
Ganteaume et al. 1998,10.1017/S0025315400040066,"Saména, Bouches-du-Rhône, France",Summer,Paracentrotus lividus,Halopteris scoparia,NA,NA,NA,NA,NA,NA,NA,NA,NA,NA,66.66666667,NA,NA,Table 1,
Ganteaume et al. 1998,10.1017/S0025315400040066,"Saména, Bouches-du-Rhône, France",Summer,Paracentrotus lividus,Halopteris scoparia,NA,NA,NA,NA,NA,NA,NA,NA,NA,NA,67.25440806,NA,NA,Table 1,
Ganteaume et al. 1998,10.1017/S0025315400040066,"Saména, Bouches-du-Rhône, France",Autumn,Paracentrotus lividus,Halopteris scoparia,NA,NA,NA,NA,NA,NA,NA,NA,NA,NA,84.25655977,NA,NA,Table 1,
Hollertz 2002,10.1007/s00227-001-0764-7,"Gullmarsfjord, Skagerrak, Sweden",NA,Brissopsis lyrifera,Enteromorpha sp.,g dry mass urchin^−1 h^−1,0.06,0.03,8,0.04,0.03,16,NA,NA,NA,NA,NA,NA,Table 5,"n calculated as total sample size divided by number of treatments, i.e. 24 / 3 and 48 / 3"
Dumont et al. 2006,10.1007/s00227-005-0203-2,"Gabriola Pass, British Columbia, Canada","Winter, Spring",Strongylocentrotus droebachiensis,Nereocystis luetkeana,g wet mass g urchin^−1 2d^−1,0.117303371,0.1161895,15,NA,NA,NA,0.045184358,0.044147377,14,NA,NA,NA,"Figure 1a, b",s.d. calculated as s.e.m. * √n
Dumont et al. 2006,10.1007/s00227-005-0203-2,"Gabriola Pass, British Columbia, Canada","Winter, Spring",Strongylocentrotus droebachiensis,Nereocystis luetkeana,g wet mass g urchin^−1 2d^−1,0.205955056,0.204319718,14,NA,NA,NA,0.085675978,0.089316622,15,NA,NA,NA,"Figure 1a, b",s.d. calculated as s.e.m. * √n
Dumont et al. 2006,10.1007/s00227-005-0203-2,"Gabriola Pass, British Columbia, Canada","Winter, Spring",Strongylocentrotus droebachiensis,Nereocystis luetkeana,g wet mass g urchin^−1 2d^−1,0.095393258,0.093996,15,NA,NA,NA,0.030167598,0.030637678,15,NA,NA,NA,"Figure 1a, b",s.d. calculated as s.e.m. * √n
Dumont et al. 2006,10.1007/s00227-005-0203-2,"Gabriola Pass, British Columbia, Canada","Winter, Spring",Strongylocentrotus droebachiensis,Nereocystis luetkeana,g wet mass g urchin^−1 2d^−1,0.131797753,0.13055,15,NA,NA,NA,0.033385475,0.033234092,15,NA,NA,NA,"Figure 1a, b",s.d. calculated as s.e.m. * √n
Dumont et al. 2006,10.1007/s00227-005-0203-2,"Gabriola Pass, British Columbia, Canada","Winter, Spring",Strongylocentrotus droebachiensis,Nereocystis luetkeana,g wet mass g urchin^−1 2d^−1,0.105842697,0.1031345,15,NA,NA,NA,0.035798883,0.035311222,15,NA,NA,NA,"Figure 1a, b",s.d. calculated as s.e.m. * √n
Dumont et al. 2006,10.1007/s00227-005-0203-2,"Gabriola Pass, British Columbia, Canada","Winter, Spring",Strongylocentrotus droebachiensis,Nereocystis luetkeana,g wet mass g urchin^−1 2d^−1,0.146629213,0.146216,15,NA,NA,NA,0.035128492,0.03479194,15,NA,NA,NA,"Figure 1a, b",s.d. calculated as s.e.m. * √n
Dumont et al. 2006,10.1007/s00227-005-0203-2,"Gabriola Pass, British Columbia, Canada","Winter, Spring",Strongylocentrotus droebachiensis,Nereocystis luetkeana,g wet mass g urchin^−1 2d^−1,0.108876404,0.109662,15,NA,NA,NA,0.030167598,0.030118396,15,NA,NA,NA,"Figure 1a, b",s.d. calculated as s.e.m. * √n
Dumont et al. 2006,10.1007/s00227-005-0203-2,"Gabriola Pass, British Columbia, Canada","Winter, Spring",Strongylocentrotus droebachiensis,Nereocystis luetkeana,g wet mass g urchin^−1 2d^−1,0.104157303,0.101829,15,NA,NA,NA,0.028826816,0.028041265,15,NA,NA,NA,"Figure 1a, b",s.d. calculated as s.e.m. * √n
Dumont et al. 2006,10.1007/s00227-005-0203-2,"Gabriola Pass, British Columbia, Canada","Winter, Spring",Strongylocentrotus droebachiensis,Nereocystis luetkeana,g wet mass g urchin^−1 2d^−1,0.117977528,0.117495,15,NA,NA,NA,0.033787709,0.033753374,15,NA,NA,NA,"Figure 1a, b",s.d. calculated as s.e.m. * √n
Dumont et al. 2006,10.1007/s00227-005-0203-2,"Gabriola Pass, British Columbia, Canada","Winter, Spring",Strongylocentrotus droebachiensis,Nereocystis luetkeana,g wet mass g urchin^−1 2d^−1,0.127752809,0.125780482,10,NA,NA,NA,0.031910615,0.03179944,10,NA,NA,NA,"Figure 1a, b",s.d. calculated as s.e.m. * √n
Boolootian & Lasker 1964,10.1016/0010-406X(64)90109-4,"La Jolla, California, USA",NA,Strongylocentrotus purpuratus,Macrocystis pyrifera,NA,NA,NA,NA,NA,NA,NA,NA,NA,NA,20.13716814,NA,1,Table 1,
Boolootian & Lasker 1964,10.1016/0010-406X(64)90109-4,"La Jolla, California, USA",NA,Strongylocentrotus purpuratus,Macrocystis pyrifera,NA,NA,NA,NA,NA,NA,NA,NA,NA,NA,18.632287,NA,1,Table 1,
Boolootian & Lasker 1964,10.1016/0010-406X(64)90109-4,"La Jolla, California, USA",NA,Strongylocentrotus purpuratus,Macrocystis pyrifera,NA,NA,NA,NA,NA,NA,NA,NA,NA,NA,16.58666667,NA,1,Table 1,
Boolootian & Lasker 1964,10.1016/0010-406X(64)90109-4,"La Jolla, California, USA",NA,Strongylocentrotus purpuratus,Macrocystis pyrifera,NA,NA,NA,NA,NA,NA,NA,NA,NA,NA,20.71727943,NA,1,Table 1,
Boolootian & Lasker 1964,10.1016/0010-406X(64)90109-4,"La Jolla, California, USA",NA,Strongylocentrotus purpuratus,Macrocystis pyrifera,NA,NA,NA,NA,NA,NA,NA,NA,NA,NA,16.44257249,NA,1,Table 1,
Boolootian & Lasker 1964,10.1016/0010-406X(64)90109-4,"La Jolla, California, USA",NA,Strongylocentrotus purpuratus,Macrocystis pyrifera,NA,NA,NA,NA,NA,NA,NA,NA,NA,NA,12.16216216,NA,1,Table 1,
Boolootian & Lasker 1964,10.1016/0010-406X(64)90109-4,"La Jolla, California, USA",NA,Strongylocentrotus purpuratus,Macrocystis pyrifera,NA,NA,NA,NA,NA,NA,NA,NA,NA,NA,18.10586552,NA,1,Table 1,
Boolootian & Lasker 1964,10.1016/0010-406X(64)90109-4,"La Jolla, California, USA",NA,Strongylocentrotus purpuratus,Macrocystis pyrifera,NA,NA,NA,NA,NA,NA,NA,NA,NA,NA,6.681724073,NA,1,Table 1,
Boolootian & Lasker 1964,10.1016/0010-406X(64)90109-4,"La Jolla, California, USA",NA,Strongylocentrotus purpuratus,Macrocystis pyrifera,NA,NA,NA,NA,NA,NA,NA,NA,NA,NA,18.31818182,NA,1,Table 1,
Boolootian & Lasker 1964,10.1016/0010-406X(64)90109-4,"La Jolla, California, USA",NA,Strongylocentrotus purpuratus,Macrocystis pyrifera,NA,NA,NA,NA,NA,NA,NA,NA,NA,NA,30.81818182,NA,1,Table 1,
Boolootian & Lasker 1964,10.1016/0010-406X(64)90109-4,"La Jolla, California, USA",NA,Strongylocentrotus purpuratus,Macrocystis pyrifera,NA,NA,NA,NA,NA,NA,NA,NA,NA,NA,29.19354839,NA,1,Table 1,
Boolootian & Lasker 1964,10.1016/0010-406X(64)90109-4,"La Jolla, California, USA",NA,Strongylocentrotus purpuratus,Macrocystis pyrifera,NA,NA,NA,NA,NA,NA,NA,NA,NA,NA,20.41666667,NA,1,Table 1,
Boolootian & Lasker 1964,10.1016/0010-406X(64)90109-4,"La Jolla, California, USA",NA,Strongylocentrotus purpuratus,Macrocystis pyrifera,NA,NA,NA,NA,NA,NA,NA,NA,NA,NA,24.16107383,NA,1,Table 1,
Boolootian & Lasker 1964,10.1016/0010-406X(64)90109-4,"La Jolla, California, USA",NA,Strongylocentrotus purpuratus,Macrocystis pyrifera,NA,NA,NA,NA,NA,NA,NA,NA,NA,NA,8.587257618,NA,1,Table 1,
Boolootian & Lasker 1964,10.1016/0010-406X(64)90109-4,"La Jolla, California, USA",NA,Strongylocentrotus purpuratus,Macrocystis pyrifera,NA,NA,NA,NA,NA,NA,NA,NA,NA,NA,26.30922693,NA,1,Table 1,
Boolootian & Lasker 1964,10.1016/0010-406X(64)90109-4,"La Jolla, California, USA",NA,Strongylocentrotus purpuratus,Macrocystis pyrifera,NA,NA,NA,NA,NA,NA,NA,NA,NA,NA,18.11397558,NA,1,Table 1,
Boolootian & Lasker 1964,10.1016/0010-406X(64)90109-4,"La Jolla, California, USA",NA,Strongylocentrotus purpuratus,Macrocystis pyrifera,NA,NA,NA,NA,NA,NA,NA,NA,NA,NA,25.82496413,NA,1,Table 1,
Boolootian & Lasker 1964,10.1016/0010-406X(64)90109-4,"La Jolla, California, USA",NA,Strongylocentrotus purpuratus,Egregia menziesii,NA,NA,NA,NA,NA,NA,NA,NA,NA,NA,45.5,NA,1,Table 2,
Boolootian & Lasker 1964,10.1016/0010-406X(64)90109-4,"La Jolla, California, USA",NA,Strongylocentrotus purpuratus,Egregia menziesii,NA,NA,NA,NA,NA,NA,NA,NA,NA,NA,30.41666667,NA,1,Table 2,
Boolootian & Lasker 1964,10.1016/0010-406X(64)90109-4,"La Jolla, California, USA",NA,Strongylocentrotus purpuratus,Egregia menziesii,NA,NA,NA,NA,NA,NA,NA,NA,NA,NA,53.30769231,NA,1,Table 2,
Boolootian & Lasker 1964,10.1016/0010-406X(64)90109-4,"La Jolla, California, USA",NA,Strongylocentrotus purpuratus,Egregia menziesii,NA,NA,NA,NA,NA,NA,NA,NA,NA,NA,39.21428571,NA,1,Table 2,
Boolootian & Lasker 1964,10.1016/0010-406X(64)90109-4,"La Jolla, California, USA",NA,Strongylocentrotus purpuratus,Egregia menziesii,NA,NA,NA,NA,NA,NA,NA,NA,NA,NA,33.21428571,NA,1,Table 2,
Boolootian & Lasker 1964,10.1016/0010-406X(64)90109-4,"La Jolla, California, USA",NA,Strongylocentrotus purpuratus,Egregia menziesii,NA,NA,NA,NA,NA,NA,NA,NA,NA,NA,47.89393939,NA,1,Table 2,
Boolootian & Lasker 1964,10.1016/0010-406X(64)90109-4,"La Jolla, California, USA",NA,Strongylocentrotus purpuratus,Egregia menziesii,NA,NA,NA,NA,NA,NA,NA,NA,NA,NA,36.51515152,NA,1,Table 2,
Boolootian & Lasker 1964,10.1016/0010-406X(64)90109-4,"La Jolla, California, USA",NA,Strongylocentrotus purpuratus,Egregia menziesii,NA,NA,NA,NA,NA,NA,NA,NA,NA,NA,47.16216216,NA,1,Table 2,
Boolootian & Lasker 1964,10.1016/0010-406X(64)90109-4,"La Jolla, California, USA",NA,Strongylocentrotus purpuratus,Egregia menziesii,NA,NA,NA,NA,NA,NA,NA,NA,NA,NA,20.74782609,NA,1,Table 2,
Boolootian & Lasker 1964,10.1016/0010-406X(64)90109-4,"La Jolla, California, USA",NA,Strongylocentrotus purpuratus,Egregia menziesii,NA,NA,NA,NA,NA,NA,NA,NA,NA,NA,19.00900901,NA,1,Table 2,
Boolootian & Lasker 1964,10.1016/0010-406X(64)90109-4,"La Jolla, California, USA",NA,Strongylocentrotus purpuratus,Egregia menziesii,NA,NA,NA,NA,NA,NA,NA,NA,NA,NA,21.89090909,NA,1,Table 2,
Boolootian & Lasker 1964,10.1016/0010-406X(64)90109-4,"La Jolla, California, USA",NA,Strongylocentrotus purpuratus,Egregia menziesii,NA,NA,NA,NA,NA,NA,NA,NA,NA,NA,38.56521739,NA,1,Table 2,
Boolootian & Lasker 1964,10.1016/0010-406X(64)90109-4,"La Jolla, California, USA",NA,Strongylocentrotus purpuratus,Egregia menziesii,NA,NA,NA,NA,NA,NA,NA,NA,NA,NA,44.94230769,NA,1,Table 2,
Boolootian & Lasker 1964,10.1016/0010-406X(64)90109-4,"La Jolla, California, USA",NA,Strongylocentrotus purpuratus,Egregia menziesii,NA,NA,NA,NA,NA,NA,NA,NA,NA,NA,52.17094017,NA,1,Table 2,
Boolootian & Lasker 1964,10.1016/0010-406X(64)90109-4,"La Jolla, California, USA",NA,Strongylocentrotus purpuratus,Stephanocystis dioica,NA,NA,NA,NA,NA,NA,NA,NA,NA,NA,53.51773903,NA,1,Table 3,
Boolootian & Lasker 1964,10.1016/0010-406X(64)90109-4,"La Jolla, California, USA",NA,Strongylocentrotus purpuratus,Stephanocystis dioica,NA,NA,NA,NA,NA,NA,NA,NA,NA,NA,56.81006145,NA,1,Table 3,
Boolootian & Lasker 1964,10.1016/0010-406X(64)90109-4,"La Jolla, California, USA",NA,Strongylocentrotus purpuratus,Petalonia fascia,NA,NA,NA,NA,NA,NA,NA,NA,NA,NA,47.85902503,NA,1,Table 3,
Boolootian & Lasker 1964,10.1016/0010-406X(64)90109-4,"La Jolla, California, USA",NA,Strongylocentrotus purpuratus,Petalonia fascia,NA,NA,NA,NA,NA,NA,NA,NA,NA,NA,48.70854858,NA,1,Table 3,
Fuji 1962,10.18960/seitai.12.5_181,"Sumiyoshi, Hakodate, Japan",Winter,Strongylocentrotus intermedius,Saccharina japonica,NA,NA,NA,NA,NA,NA,NA,NA,NA,NA,43.3,NA,7,Table 1,"n calculated as mean, i.e. (5 + 8) / 2"
Fuji 1962,10.18960/seitai.12.5_181,"Sumiyoshi, Hakodate, Japan",Summer,Strongylocentrotus intermedius,Saccharina japonica,NA,NA,NA,NA,NA,NA,NA,NA,NA,NA,34,NA,7,Table 1,"n calculated as mean, i.e. (5 + 8) / 2"
Fuji 1962,10.18960/seitai.12.5_181,"Sumiyoshi, Hakodate, Japan",Summer,Strongylocentrotus intermedius,Alaria crassifolia,NA,NA,NA,NA,NA,NA,NA,NA,NA,NA,30.6,NA,7,Table 1,"n calculated as mean, i.e. (5 + 8) / 2"
Fuji 1962,10.18960/seitai.12.5_181,"Sumiyoshi, Hakodate, Japan",Summer,Strongylocentrotus intermedius,Agarum clathratum,NA,NA,NA,NA,NA,NA,NA,NA,NA,NA,27.4,NA,7,Table 1,"n calculated as mean, i.e. (5 + 8) / 2"
Fuji 1962,10.18960/seitai.12.5_181,"Sumiyoshi, Hakodate, Japan",Winter,Strongylocentrotus intermedius,Sargassum siliquastrum,NA,NA,NA,NA,NA,NA,NA,NA,NA,NA,37.2,NA,7,Table 1,"n calculated as mean, i.e. (5 + 8) / 2"
Fuji 1962,10.18960/seitai.12.5_181,"Sumiyoshi, Hakodate, Japan",Winter,Strongylocentrotus intermedius,Sargassum thunbergii,NA,NA,NA,NA,NA,NA,NA,NA,NA,NA,41.3,NA,7,Table 1,"n calculated as mean, i.e. (5 + 8) / 2"
Fuji 1962,10.18960/seitai.12.5_181,"Sumiyoshi, Hakodate, Japan",Winter,Strongylocentrotus intermedius,Scytosiphon lomentaria,NA,NA,NA,NA,NA,NA,NA,NA,NA,NA,16.6,NA,7,Table 1,"n calculated as mean, i.e. (5 + 8) / 2"
Fuji 1962,10.18960/seitai.12.5_181,"Sumiyoshi, Hakodate, Japan",Winter,Strongylocentrotus intermedius,Ulva australis,NA,NA,NA,NA,NA,NA,NA,NA,NA,NA,25.6,NA,7,Table 1,"n calculated as mean, i.e. (5 + 8) / 2"
Fuji 1962,10.18960/seitai.12.5_181,"Sumiyoshi, Hakodate, Japan",Summer,Strongylocentrotus intermedius,Ulva australis,NA,NA,NA,NA,NA,NA,NA,NA,NA,NA,18.1,NA,7,Table 1,"n calculated as mean, i.e. (5 + 8) / 2"
Fuji 1962,10.18960/seitai.12.5_181,"Sumiyoshi, Hakodate, Japan",Winter,Strongylocentrotus intermedius,Chondrus ocellatus,NA,NA,NA,NA,NA,NA,NA,NA,NA,NA,43.2,NA,7,Table 1,"n calculated as mean, i.e. (5 + 8) / 2"
Fuji 1962,10.18960/seitai.12.5_181,"Sumiyoshi, Hakodate, Japan",Summer,Strongylocentrotus intermedius,Chondrus ocellatus,NA,NA,NA,NA,NA,NA,NA,NA,NA,NA,38.5,NA,7,Table 1,"n calculated as mean, i.e. (5 + 8) / 2"
Fuji 1962,10.18960/seitai.12.5_181,"Sumiyoshi, Hakodate, Japan",Summer,Strongylocentrotus intermedius,Grateloupia elliptica,NA,NA,NA,NA,NA,NA,NA,NA,NA,NA,31.7,NA,7,Table 1,"n calculated as mean, i.e. (5 + 8) / 2"
Fuji 1962,10.18960/seitai.12.5_181,"Sumiyoshi, Hakodate, Japan",Winter,Strongylocentrotus intermedius,Palmaria palmata,NA,NA,NA,NA,NA,NA,NA,NA,NA,NA,25.6,NA,7,Table 1,"n calculated as mean, i.e. (5 + 8) / 2"
Fuji 1962,10.18960/seitai.12.5_181,"Sumiyoshi, Hakodate, Japan",Summer,Strongylocentrotus intermedius,Rhodoglossum pulchrum,NA,NA,NA,NA,NA,NA,NA,NA,NA,NA,23.7,NA,7,Table 1,"n calculated as mean, i.e. (5 + 8) / 2"
Fuji 1962,10.18960/seitai.12.5_181,"Sumiyoshi, Hakodate, Japan",Summer,Strongylocentrotus intermedius,Phyllospadix iwatensis,NA,NA,NA,NA,NA,NA,NA,NA,NA,NA,67.6,NA,7,Table 1,"n calculated as mean, i.e. (5 + 8) / 2"
Fuji 1962,10.18960/seitai.12.5_181,"Sumiyoshi, Hakodate, Japan",NA,Strongylocentrotus intermedius,Saccharina japonica,NA,NA,NA,NA,NA,NA,NA,NA,NA,NA,39.9,0.68777332,10,Table 3,s.d. estimated as range / ( 2 * Φ^−1(0.995) )
Fuji 1962,10.18960/seitai.12.5_181,"Sumiyoshi, Hakodate, Japan",NA,Strongylocentrotus intermedius,Saccharina japonica,NA,NA,NA,NA,NA,NA,NA,NA,NA,NA,39.2,3.868724923,10,Table 3,s.d. estimated as range / ( 2 * Φ^−1(0.995) )
Fuji 1962,10.18960/seitai.12.5_181,"Sumiyoshi, Hakodate, Japan",NA,Strongylocentrotus intermedius,Saccharina japonica,NA,NA,NA,NA,NA,NA,NA,NA,NA,NA,35.9,1.762419132,10,Table 3,s.d. estimated as range / ( 2 * Φ^−1(0.995) )
Fuji 1962,10.18960/seitai.12.5_181,"Sumiyoshi, Hakodate, Japan",NA,Strongylocentrotus intermedius,Saccharina japonica,NA,NA,NA,NA,NA,NA,NA,NA,NA,NA,41.3,1.525997053,10,Table 3,s.d. estimated as range / ( 2 * Φ^−1(0.995) )
Fuji 1962,10.18960/seitai.12.5_181,"Sumiyoshi, Hakodate, Japan",NA,Strongylocentrotus intermedius,Saccharina japonica,NA,NA,NA,NA,NA,NA,NA,NA,NA,NA,42.4,0.816730817,10,Table 3,s.d. estimated as range / ( 2 * Φ^−1(0.995) )
Fuji 1962,10.18960/seitai.12.5_181,"Sumiyoshi, Hakodate, Japan",NA,Strongylocentrotus intermedius,Saccharina japonica,NA,NA,NA,NA,NA,NA,NA,NA,NA,NA,42.3,2.063319959,10,Table 3,s.d. estimated as range / ( 2 * Φ^−1(0.995) )
Fuji 1962,10.18960/seitai.12.5_181,"Sumiyoshi, Hakodate, Japan",Winter,Strongylocentrotus intermedius,Saccharina japonica,NA,NA,NA,NA,NA,NA,NA,NA,NA,NA,41.84423564,NA,NA,Figure 3,s.e.m. cannot be converted to s.d. because n is unknown
Fuji 1962,10.18960/seitai.12.5_181,"Sumiyoshi, Hakodate, Japan",Winter,Strongylocentrotus intermedius,Saccharina japonica,NA,NA,NA,NA,NA,NA,NA,NA,NA,NA,43.53983507,NA,NA,Figure 3,s.e.m. cannot be converted to s.d. because n is unknown
Fuji 1962,10.18960/seitai.12.5_181,"Sumiyoshi, Hakodate, Japan",Winter,Strongylocentrotus intermedius,Saccharina japonica,NA,NA,NA,NA,NA,NA,NA,NA,NA,NA,41.75651154,NA,NA,Figure 3,s.e.m. cannot be converted to s.d. because n is unknown
Fuji 1962,10.18960/seitai.12.5_181,"Sumiyoshi, Hakodate, Japan",Spring,Strongylocentrotus intermedius,Saccharina japonica,NA,NA,NA,NA,NA,NA,NA,NA,NA,NA,40.45007118,NA,NA,Figure 3,s.e.m. cannot be converted to s.d. because n is unknown
Fuji 1962,10.18960/seitai.12.5_181,"Sumiyoshi, Hakodate, Japan",Summer,Strongylocentrotus intermedius,Saccharina japonica,NA,NA,NA,NA,NA,NA,NA,NA,NA,NA,33.57683858,NA,NA,Figure 3,s.e.m. cannot be converted to s.d. because n is unknown
Fuji 1962,10.18960/seitai.12.5_181,"Sumiyoshi, Hakodate, Japan",Summer,Strongylocentrotus intermedius,Saccharina japonica,NA,NA,NA,NA,NA,NA,NA,NA,NA,NA,26.98517637,NA,NA,Figure 3,s.e.m. cannot be converted to s.d. because n is unknown
Fuji 1962,10.18960/seitai.12.5_181,"Sumiyoshi, Hakodate, Japan",Summer,Strongylocentrotus intermedius,Saccharina japonica,NA,NA,NA,NA,NA,NA,NA,NA,NA,NA,27.76664973,NA,NA,Figure 3,s.e.m. cannot be converted to s.d. because n is unknown
Fuji 1962,10.18960/seitai.12.5_181,"Sumiyoshi, Hakodate, Japan",Autumn,Strongylocentrotus intermedius,Saccharina japonica,NA,NA,NA,NA,NA,NA,NA,NA,NA,NA,36.98536895,NA,NA,Figure 3,s.e.m. cannot be converted to s.d. because n is unknown
Fuji 1962,10.18960/seitai.12.5_181,"Sumiyoshi, Hakodate, Japan",Autumn,Strongylocentrotus intermedius,Saccharina japonica,NA,NA,NA,NA,NA,NA,NA,NA,NA,NA,43.44962234,NA,NA,Figure 3,s.e.m. cannot be converted to s.d. because n is unknown
Fuji 1962,10.18960/seitai.12.5_181,"Sumiyoshi, Hakodate, Japan",Autumn,Strongylocentrotus intermedius,Saccharina japonica,NA,NA,NA,NA,NA,NA,NA,NA,NA,NA,46.93001181,NA,NA,Figure 3,s.e.m. cannot be converted to s.d. because n is unknown
Fuji 1962,10.18960/seitai.12.5_181,"Sumiyoshi, Hakodate, Japan",Winter,Strongylocentrotus intermedius,Saccharina japonica,NA,NA,NA,NA,NA,NA,NA,NA,NA,NA,42.62953082,NA,NA,Figure 3,s.e.m. cannot be converted to s.d. because n is unknown
Fuji 1967,hdl.handle.net/2115/21847,"Sumiyoshi, Hakodate, Japan",NA,Strongylocentrotus intermedius,Ulva australis,NA,NA,NA,NA,NA,NA,NA,NA,NA,NA,20.2,NA,1,Table 32,
Fuji 1967,hdl.handle.net/2115/21847,"Sumiyoshi, Hakodate, Japan",NA,Strongylocentrotus intermedius,Ulva australis,NA,NA,NA,NA,NA,NA,NA,NA,NA,NA,21.8,NA,1,Table 32,
Fuji 1967,hdl.handle.net/2115/21847,"Sumiyoshi, Hakodate, Japan",NA,Strongylocentrotus intermedius,Ulva australis,NA,NA,NA,NA,NA,NA,NA,NA,NA,NA,20.2,NA,1,Table 32,
Fuji 1967,hdl.handle.net/2115/21847,"Sumiyoshi, Hakodate, Japan",NA,Strongylocentrotus intermedius,Ulva australis,NA,NA,NA,NA,NA,NA,NA,NA,NA,NA,17.4,NA,1,Table 32,
Fuji 1967,hdl.handle.net/2115/21847,"Sumiyoshi, Hakodate, Japan",NA,Strongylocentrotus intermedius,Ulva australis,NA,NA,NA,NA,NA,NA,NA,NA,NA,NA,16.8,NA,1,Table 32,"Consider also table 21, 26"
Fuji 1967,hdl.handle.net/2115/21847,"Sumiyoshi, Hakodate, Japan",NA,Strongylocentrotus intermedius,Alaria crassifolia,NA,NA,NA,NA,NA,NA,NA,NA,NA,NA,27.6,NA,1,Table 32,
Fuji 1967,hdl.handle.net/2115/21847,"Sumiyoshi, Hakodate, Japan",NA,Strongylocentrotus intermedius,Alaria crassifolia,NA,NA,NA,NA,NA,NA,NA,NA,NA,NA,22.9,NA,1,Table 32,
Fuji 1967,hdl.handle.net/2115/21847,"Sumiyoshi, Hakodate, Japan",NA,Strongylocentrotus intermedius,Alaria crassifolia,NA,NA,NA,NA,NA,NA,NA,NA,NA,NA,17.9,NA,1,Table 32,
Fuji 1967,hdl.handle.net/2115/21847,"Sumiyoshi, Hakodate, Japan",NA,Strongylocentrotus intermedius,Alaria crassifolia,NA,NA,NA,NA,NA,NA,NA,NA,NA,NA,16.8,NA,1,Table 32,
Fuji 1967,hdl.handle.net/2115/21847,"Sumiyoshi, Hakodate, Japan",NA,Strongylocentrotus intermedius,Alaria crassifolia,NA,NA,NA,NA,NA,NA,NA,NA,NA,NA,14.9,NA,1,Table 32,
Fuji 1967,hdl.handle.net/2115/21847,"Sumiyoshi, Hakodate, Japan",NA,Strongylocentrotus intermedius,Saccharina japonica,NA,NA,NA,NA,NA,NA,NA,NA,NA,NA,34.3,NA,1,Table 32,
Fuji 1967,hdl.handle.net/2115/21847,"Sumiyoshi, Hakodate, Japan",NA,Strongylocentrotus intermedius,Saccharina japonica,NA,NA,NA,NA,NA,NA,NA,NA,NA,NA,31.9,NA,1,Table 32,
Fuji 1967,hdl.handle.net/2115/21847,"Sumiyoshi, Hakodate, Japan",NA,Strongylocentrotus intermedius,Saccharina japonica,NA,NA,NA,NA,NA,NA,NA,NA,NA,NA,28,NA,1,Table 32,
Fuji 1967,hdl.handle.net/2115/21847,"Sumiyoshi, Hakodate, Japan",NA,Strongylocentrotus intermedius,Saccharina japonica,NA,NA,NA,NA,NA,NA,NA,NA,NA,NA,24.1,NA,1,Table 32,
Fuji 1967,hdl.handle.net/2115/21847,"Sumiyoshi, Hakodate, Japan",NA,Strongylocentrotus intermedius,Saccharina japonica,NA,NA,NA,NA,NA,NA,NA,NA,NA,NA,20,NA,1,Table 32,
Fuji 1967,hdl.handle.net/2115/21847,"Sumiyoshi, Hakodate, Japan",NA,Strongylocentrotus intermedius,Saccharina japonica,NA,NA,NA,NA,NA,NA,NA,NA,NA,NA,18.2,NA,1,Table 32,
Faller-Fritsch & Emson 1972 in Lawrence 1975,NA,United Kingdom,NA,Psammechinus miliaris,Fucus vesiculosus,NA,NA,NA,NA,NA,NA,NA,NA,NA,NA,18.9,NA,NA,Table 7,
Faller-Fritsch & Emson 1972 in Lawrence 1975,NA,United Kingdom,NA,Psammechinus miliaris,Fucus vesiculosus,NA,NA,NA,NA,NA,NA,NA,NA,NA,NA,37,NA,NA,Table 7,
Castro 1969,hdl.handle.net/10125/11997,"Kaneohe Bay, Oahu, Hawaii, USA",NA,Echinothrix calamaris,Laurencia sp.,NA,NA,NA,NA,NA,NA,NA,NA,NA,NA,18.7,NA,1,Table 14,
Castro 1969,hdl.handle.net/10125/11997,"Kaneohe Bay, Oahu, Hawaii, USA",NA,Echinothrix calamaris,Laurencia sp.,NA,NA,NA,NA,NA,NA,NA,NA,NA,NA,23,NA,1,Table 14,
Castro 1969,hdl.handle.net/10125/11997,"Kaneohe Bay, Oahu, Hawaii, USA",NA,Echinothrix calamaris,Laurencia sp.,NA,NA,NA,NA,NA,NA,NA,NA,NA,NA,14.8,NA,1,Table 14,
Castro 1969,hdl.handle.net/10125/11997,"Kaneohe Bay, Oahu, Hawaii, USA",NA,Echinothrix calamaris,Laurencia sp.,NA,NA,NA,NA,NA,NA,NA,NA,NA,NA,11,NA,1,Table 14,
Castro 1969,hdl.handle.net/10125/11997,"Kaneohe Bay, Oahu, Hawaii, USA",NA,Echinothrix calamaris,Laurencia sp.,NA,NA,NA,NA,NA,NA,NA,NA,NA,NA,13.7,NA,1,Table 14,
Percy 1971,hdl.handle.net/20.500.14783/4234,"Portugal Cove, Conception Bay, Newfoundland, Canada",Winter,Strongylocentrotus droebachiensis,Laminaria digitata,NA,NA,NA,NA,NA,NA,NA,NA,NA,NA,28.8,NA,NA,Table 12,species name taken from Lawrence 1975
Percy 1971,hdl.handle.net/20.500.14783/4234,"Portugal Cove, Conception Bay, Newfoundland, Canada",Summer,Strongylocentrotus droebachiensis,Laminaria digitata,NA,NA,NA,NA,NA,NA,NA,NA,NA,NA,41.1,NA,NA,Table 12,species name taken from Lawrence 1975
Percy 1971,hdl.handle.net/20.500.14783/4234,"Portugal Cove, Conception Bay, Newfoundland, Canada",Summer,Strongylocentrotus droebachiensis,Laminaria digitata,NA,NA,NA,NA,NA,NA,NA,NA,NA,NA,57.9,NA,NA,Table 12,species name taken from Lawrence 1975
Percy 1971,hdl.handle.net/20.500.14783/4234,"Portugal Cove, Conception Bay, Newfoundland, Canada",Autumn,Strongylocentrotus droebachiensis,Laminaria digitata,NA,NA,NA,NA,NA,NA,NA,NA,NA,NA,34.9,NA,NA,Table 12,species name taken from Lawrence 1975
Himmelman 1969,hdl.handle.net/20.500.14783/3874,"Conception Bay, Newfoundland, Canada",Spring,Strongylocentrotus droebachiensis,Saccharina latissima,NA,NA,NA,NA,NA,NA,NA,NA,NA,NA,76.2,NA,8,Table 3,
Himmelman 1969,hdl.handle.net/20.500.14783/3874,"Conception Bay, Newfoundland, Canada",Spring,Strongylocentrotus droebachiensis,Saccharina latissima,NA,NA,NA,NA,NA,NA,NA,NA,NA,NA,56.61,NA,9,Table 3,
"Himmelman 1969, Himmelman 1969 in Lawrence 1975",hdl.handle.net/20.500.14783/3874,"Conception Bay, Newfoundland, Canada",Winter,Strongylocentrotus droebachiensis,Saccharina latissima,NA,NA,NA,NA,NA,NA,NA,NA,NA,NA,58.4,NA,1,"Figure 8 in Himmelman 1969, Table 7 in Lawrence 1975",
"Himmelman 1969, Himmelman 1969 in Lawrence 1975",hdl.handle.net/20.500.14783/3874,"Conception Bay, Newfoundland, Canada",Winter,Strongylocentrotus droebachiensis,Saccharina latissima,NA,NA,NA,NA,NA,NA,NA,NA,NA,NA,52.9,NA,1,"Figure 8 in Himmelman 1969, Table 7 in Lawrence 1975",
"Himmelman 1969, Himmelman 1969 in Lawrence 1975",hdl.handle.net/20.500.14783/3874,"Conception Bay, Newfoundland, Canada",Winter,Strongylocentrotus droebachiensis,Saccharina latissima,NA,NA,NA,NA,NA,NA,NA,NA,NA,NA,48.1,NA,1,"Figure 8 in Himmelman 1969, Table 7 in Lawrence 1975",
"Himmelman 1969, Himmelman 1969 in Lawrence 1975",hdl.handle.net/20.500.14783/3874,"Conception Bay, Newfoundland, Canada",Winter,Strongylocentrotus droebachiensis,Saccharina latissima,NA,NA,NA,NA,NA,NA,NA,NA,NA,NA,57.7,NA,1,"Figure 8 in Himmelman 1969, Table 7 in Lawrence 1975",
"Himmelman 1969, Himmelman 1969 in Lawrence 1975",hdl.handle.net/20.500.14783/3874,"Conception Bay, Newfoundland, Canada",Winter,Strongylocentrotus droebachiensis,Saccharina latissima,NA,NA,NA,NA,NA,NA,NA,NA,NA,NA,67.5,NA,1,"Figure 8 in Himmelman 1969, Table 7 in Lawrence 1975",
"Himmelman 1969, Himmelman 1969 in Lawrence 1975",hdl.handle.net/20.500.14783/3874,"Conception Bay, Newfoundland, Canada",Winter,Strongylocentrotus droebachiensis,Saccharina latissima,NA,NA,NA,NA,NA,NA,NA,NA,NA,NA,79.2,NA,1,"Figure 8 in Himmelman 1969, Table 7 in Lawrence 1975",
"Himmelman 1969, Himmelman 1969 in Lawrence 1975",hdl.handle.net/20.500.14783/3874,"Conception Bay, Newfoundland, Canada",Winter,Strongylocentrotus droebachiensis,Saccharina latissima,NA,NA,NA,NA,NA,NA,NA,NA,NA,NA,91,NA,1,"Figure 8 in Himmelman 1969, Table 7 in Lawrence 1975",
"Himmelman 1969, Himmelman 1969 in Lawrence 1975",hdl.handle.net/20.500.14783/3874,"Conception Bay, Newfoundland, Canada",Autumn,Strongylocentrotus droebachiensis,Saccharina latissima,NA,NA,NA,NA,NA,NA,NA,NA,NA,NA,65,NA,1,"Figure 9 in Himmelman 1969, Table 7 in Lawrence 1975",
"Himmelman 1969, Himmelman 1969 in Lawrence 1975",hdl.handle.net/20.500.14783/3874,"Conception Bay, Newfoundland, Canada",Autumn,Strongylocentrotus droebachiensis,Saccharina latissima,NA,NA,NA,NA,NA,NA,NA,NA,NA,NA,74.9,NA,1,"Figure 9 in Himmelman 1969, Table 7 in Lawrence 1975",
"Himmelman 1969, Himmelman 1969 in Lawrence 1975",hdl.handle.net/20.500.14783/3874,"Conception Bay, Newfoundland, Canada",Autumn,Strongylocentrotus droebachiensis,Alaria esculenta,NA,NA,NA,NA,NA,NA,NA,NA,NA,NA,94.5,NA,1,"Figure 9 in Himmelman 1969, Table 7 in Lawrence 1975",
"Himmelman 1969, Himmelman 1969 in Lawrence 1975",hdl.handle.net/20.500.14783/3874,"Conception Bay, Newfoundland, Canada",Autumn,Strongylocentrotus droebachiensis,Alaria esculenta,NA,NA,NA,NA,NA,NA,NA,NA,NA,NA,47.6,NA,1,"Figure 9 in Himmelman 1969, Table 7 in Lawrence 1975",
"Himmelman 1969, Himmelman 1969 in Lawrence 1975",hdl.handle.net/20.500.14783/3874,"Conception Bay, Newfoundland, Canada",Autumn,Strongylocentrotus droebachiensis,Alaria esculenta,NA,NA,NA,NA,NA,NA,NA,NA,NA,NA,50.4,NA,1,"Figure 9 in Himmelman 1969, Table 7 in Lawrence 1975",
"Himmelman 1969, Himmelman 1969 in Lawrence 1975",hdl.handle.net/20.500.14783/3874,"Conception Bay, Newfoundland, Canada",Autumn,Strongylocentrotus droebachiensis,Ulva sp.,NA,NA,NA,NA,NA,NA,NA,NA,NA,NA,43.6,NA,1,"Figure 9 in Himmelman 1969, Table 7 in Lawrence 1975",
"Himmelman 1969, Himmelman 1969 in Lawrence 1975",hdl.handle.net/20.500.14783/3874,"Conception Bay, Newfoundland, Canada",Autumn,Strongylocentrotus droebachiensis,Ulva sp.,NA,NA,NA,NA,NA,NA,NA,NA,NA,NA,29.5,NA,1,"Figure 9 in Himmelman 1969, Table 7 in Lawrence 1975",
"Himmelman 1969, Himmelman 1969 in Lawrence 1975",hdl.handle.net/20.500.14783/3874,"Conception Bay, Newfoundland, Canada",Autumn,Strongylocentrotus droebachiensis,Ulva sp.,NA,NA,NA,NA,NA,NA,NA,NA,NA,NA,33.1,NA,1,"Figure 9 in Himmelman 1969, Table 7 in Lawrence 1975",
"Himmelman 1969, Himmelman 1969 in Lawrence 1975",hdl.handle.net/20.500.14783/3874,"Conception Bay, Newfoundland, Canada",Autumn,Strongylocentrotus droebachiensis,Fucus vesiculosus,NA,NA,NA,NA,NA,NA,NA,NA,NA,NA,31,NA,1,"Figure 9 in Himmelman 1969, Table 7 in Lawrence 1975",
"Himmelman 1969, Himmelman 1969 in Lawrence 1975",hdl.handle.net/20.500.14783/3874,"Conception Bay, Newfoundland, Canada",Autumn,Strongylocentrotus droebachiensis,Fucus vesiculosus,NA,NA,NA,NA,NA,NA,NA,NA,NA,NA,23.3,NA,1,"Figure 9 in Himmelman 1969, Table 7 in Lawrence 1975",
"Himmelman 1969, Himmelman 1969 in Lawrence 1975",hdl.handle.net/20.500.14783/3874,"Conception Bay, Newfoundland, Canada",Autumn,Strongylocentrotus droebachiensis,Ascophyllum nodosum,NA,NA,NA,NA,NA,NA,NA,NA,NA,NA,24.2,NA,1,"Figure 9 in Himmelman 1969, Table 7 in Lawrence 1975",
"Himmelman 1969, Himmelman 1969 in Lawrence 1975",hdl.handle.net/20.500.14783/3874,"Conception Bay, Newfoundland, Canada",Autumn,Strongylocentrotus droebachiensis,Ascophyllum nodosum,NA,NA,NA,NA,NA,NA,NA,NA,NA,NA,32.6,NA,1,"Figure 9 in Himmelman 1969, Table 7 in Lawrence 1975",
"Himmelman 1969, Himmelman 1969 in Lawrence 1975",hdl.handle.net/20.500.14783/3874,"Conception Bay, Newfoundland, Canada",Autumn,Strongylocentrotus droebachiensis,Desmarestia viridis,NA,NA,NA,NA,NA,NA,NA,NA,NA,NA,76.2,NA,1,"Figure 9 in Himmelman 1969, Table 7 in Lawrence 1975",
"Himmelman 1969, Himmelman 1969 in Lawrence 1975",hdl.handle.net/20.500.14783/3874,"Conception Bay, Newfoundland, Canada",Autumn,Strongylocentrotus droebachiensis,Desmarestia viridis,NA,NA,NA,NA,NA,NA,NA,NA,NA,NA,30.6,NA,1,"Figure 9 in Himmelman 1969, Table 7 in Lawrence 1975",
"Himmelman 1969, Himmelman 1969 in Lawrence 1975",hdl.handle.net/20.500.14783/3874,"Conception Bay, Newfoundland, Canada",Autumn,Strongylocentrotus droebachiensis,Desmarestia viridis,NA,NA,NA,NA,NA,NA,NA,NA,NA,NA,48.9,NA,1,"Figure 9 in Himmelman 1969, Table 7 in Lawrence 1975",
"Himmelman 1969, Himmelman 1969 in Lawrence 1975",hdl.handle.net/20.500.14783/3874,"Conception Bay, Newfoundland, Canada",Autumn,Strongylocentrotus droebachiensis,Agarum clathratum,NA,NA,NA,NA,NA,NA,NA,NA,NA,NA,78,NA,1,"Figure 9 in Himmelman 1969, Table 7 in Lawrence 1975",
"Himmelman 1969, Himmelman 1969 in Lawrence 1975",hdl.handle.net/20.500.14783/3874,"Conception Bay, Newfoundland, Canada",Autumn,Strongylocentrotus droebachiensis,Agarum clathratum,NA,NA,NA,NA,NA,NA,NA,NA,NA,NA,36.6,NA,1,"Figure 9 in Himmelman 1969, Table 7 in Lawrence 1975",
"Himmelman 1969, Himmelman 1969 in Lawrence 1975",hdl.handle.net/20.500.14783/3874,"Conception Bay, Newfoundland, Canada",Autumn,Strongylocentrotus droebachiensis,Ptilota serrata,NA,NA,NA,NA,NA,NA,NA,NA,NA,NA,89.4,NA,1,"Figure 9 in Himmelman 1969, Table 7 in Lawrence 1975",
Agatsuma 1999,10.11233/aquaculturesci1953.47.325,"Oshoro Bay, Hokkaido, Japan",Spring,Mesocentrotus nudus,Saccharina religiosa,NA,NA,NA,NA,NA,NA,NA,NA,NA,NA,27.18,6,NA,Table 3,
Agatsuma 1999,10.11233/aquaculturesci1953.47.325,"Oshoro Bay, Hokkaido, Japan",Spring,Mesocentrotus nudus,Saccharina religiosa,NA,NA,NA,NA,NA,NA,NA,NA,NA,NA,29.84,6,NA,Table 3,
Agatsuma 1999,10.11233/aquaculturesci1953.47.325,"Oshoro Bay, Hokkaido, Japan",Spring,Mesocentrotus nudus,Saccharina religiosa,NA,NA,NA,NA,NA,NA,NA,NA,NA,NA,32.15,3.6,NA,Table 3,
Agatsuma 1999,10.11233/aquaculturesci1953.47.325,"Oshoro Bay, Hokkaido, Japan",Summer,Mesocentrotus nudus,Saccharina religiosa,NA,NA,NA,NA,NA,NA,NA,NA,NA,NA,37.29,8,NA,Table 3,
Agatsuma 1999,10.11233/aquaculturesci1953.47.325,"Oshoro Bay, Hokkaido, Japan",Summer,Mesocentrotus nudus,Saccharina religiosa,NA,NA,NA,NA,NA,NA,NA,NA,NA,NA,27.46,3.5,NA,Table 3,
Agatsuma 1999,10.11233/aquaculturesci1953.47.325,"Oshoro Bay, Hokkaido, Japan",Summer,Mesocentrotus nudus,Saccharina religiosa,NA,NA,NA,NA,NA,NA,NA,NA,NA,NA,45.04,6.2,NA,Table 3,
Moore & McPherson 1965,NA,"Virginia Key and Bear Cut, Miami, Florida, USA",Winter,Lytechinus variegatus,Thalassia testudinum,NA,NA,NA,NA,NA,NA,NA,NA,NA,NA,46,NA,1,Text,
Moore & McPherson 1965,NA,"Virginia Key and Bear Cut, Miami, Florida, USA",Summer,Lytechinus variegatus,Thalassia testudinum,NA,NA,NA,NA,NA,NA,NA,NA,NA,NA,43,NA,1,Text,
Moore & McPherson 1965,NA,"Virginia Key and Bear Cut, Miami, Florida, USA",Winter,Tripneustes ventricosus,Thalassia testudinum,NA,NA,NA,NA,NA,NA,NA,NA,NA,NA,48,NA,1,Text,
Moore & McPherson 1965,NA,"Virginia Key and Bear Cut, Miami, Florida, USA",Summer,Tripneustes ventricosus,Thalassia testudinum,NA,NA,NA,NA,NA,NA,NA,NA,NA,NA,44,NA,1,Text,