Tank,Date,PAR,Initials
U1,15.09.23,6.784,LSW
U2,15.09.23,7.196,LSW
U3,15.09.23,8.961,LSW
U4,15.09.23,9.268,LSW
U5,15.09.23,9.027,LSW
U6,15.09.23,8.348,LSW
U7,15.09.23,7.582,LSW
U8,15.09.23,8.635,LSW
U9,15.09.23,8.315,LSW
U10,15.09.23,9.837,LSW
U11,15.09.23,9.5,LSW
U12,15.09.23,11.61,LSW
U13,15.09.23,10.42,LSW
U14,15.09.23,9.434,LSW
U15,15.09.23,9.112,LSW
C1,15.09.23,9.504,LSW
C2,15.09.23,9.666,LSW
C3,15.09.23,9.355,LSW
C4,15.09.23,11.05,LSW
C5,15.09.23,10.25,LSW
C6,15.09.23,9.754,LSW
C7,15.09.23,7.863,LSW
C8,15.09.23,9.667,LSW
C9,15.09.23,9.4,LSW
C10,15.09.23,10.59,LSW
C11,15.09.23,10.32,LSW
C12,15.09.23,11.6,LSW
C13,15.09.23,12.46,LSW
C14,15.09.23,9.565,LSW
C15,15.09.23,8.431,LSW
M1,15.09.23,7.35,LSW
M2,15.09.23,7.714,LSW
M3,15.09.23,9.263,LSW
M4,15.09.23,9.058,LSW
M5,15.09.23,9.606,LSW
M6,15.09.23,10.41,LSW
M7,15.09.23,10.72,LSW
M8,15.09.23,8.761,LSW
M9,15.09.23,8.584,LSW
M10,15.09.23,9.668,LSW
M11,15.09.23,11.1,LSW
M12,15.09.23,10.05,LSW
M13,15.09.23,9.053,LSW
M14,15.09.23,9.818,LSW
M15,15.09.23,7.714,LSW
U1,16.09.23,6.717,LSW
U2,16.09.23,7.253,LSW
U3,16.09.23,9.39,LSW
U4,16.09.23,9.614,LSW
U5,16.09.23,9.534,LSW
U6,16.09.23,9.421,LSW
U7,16.09.23,10.88,LSW
U8,16.09.23,9.449,LSW
U9,16.09.23,8.263,LSW
U10,16.09.23,10.1,LSW
U11,16.09.23,10.76,LSW
U12,16.09.23,12.03,LSW
U13,16.09.23,9.681,LSW
U14,16.09.23,10.91,LSW
U15,16.09.23,8.913,LSW
C1,16.09.23,10.33,LSW
C2,16.09.23,8.73,LSW
C3,16.09.23,8.891,LSW
C4,16.09.23,10.48,LSW
C5,16.09.23,9.771,LSW
C6,16.09.23,10.89,LSW
C7,16.09.23,8.276,LSW
C8,16.09.23,9.715,LSW
C9,16.09.23,9.668,LSW
C10,16.09.23,9.773,LSW
C11,16.09.23,10.26,LSW
C12,16.09.23,11.14,LSW
C13,16.09.23,10.57,LSW
C14,16.09.23,9.636,LSW
C15,16.09.23,8.012,LSW
M1,16.09.23,6.168,LSW
M2,16.09.23,7.925,LSW
M3,16.09.23,9.03,LSW
M4,16.09.23,9.124,LSW
M5,16.09.23,9.545,LSW
M6,16.09.23,10.23,LSW
M7,16.09.23,10.69,LSW
M8,16.09.23,8.786,LSW
M9,16.09.23,7.586,LSW
M10,16.09.23,9.035,LSW
M11,16.09.23,10.45,LSW
M12,16.09.23,9.745,LSW
M13,16.09.23,9.313,LSW
M14,16.09.23,9.63,LSW
M15,16.09.23,8.247,LSW
U1,17.09.23,6.589,LSW
U2,17.09.23,7.537,LSW
U3,17.09.23,9.244,LSW
U4,17.09.23,9.255,LSW
U5,17.09.23,9.516,LSW
U6,17.09.23,8.924,LSW
U7,17.09.23,9.494,LSW
U8,17.09.23,8.121,LSW
U9,17.09.23,8.364,LSW
U10,17.09.23,9.606,LSW
U11,17.09.23,9.307,LSW
U12,17.09.23,9.157,LSW
U13,17.09.23,8.887,LSW
U14,17.09.23,9.339,LSW
U15,17.09.23,9.359,LSW
C1,17.09.23,8.599,LSW
C2,17.09.23,8.987,LSW
C3,17.09.23,8.965,LSW
C4,17.09.23,10.42,LSW
C5,17.09.23,10.26,LSW
C6,17.09.23,9.329,LSW
C7,17.09.23,8.253,LSW
C8,17.09.23,9.557,LSW
C9,17.09.23,10.12,LSW
C10,17.09.23,10.25,LSW
C11,17.09.23,9.953,LSW
C12,17.09.23,11.26,LSW
C13,17.09.23,10.66,LSW
C14,17.09.23,9.718,LSW
C15,17.09.23,8.561,LSW
M1,17.09.23,6.31,LSW
M2,17.09.23,7.494,LSW
M3,17.09.23,8.756,LSW
M4,17.09.23,9.076,LSW
M5,17.09.23,9.727,LSW
M6,17.09.23,9.377,LSW
M7,17.09.23,10.06,LSW
M8,17.09.23,9.026,LSW
M9,17.09.23,7.78,LSW
M10,17.09.23,9.071,LSW
M11,17.09.23,10.41,LSW
M12,17.09.23,10.07,LSW
M13,17.09.23,10.72,LSW
M14,17.09.23,9.462,LSW
M15,17.09.23,8.636,LSW
U1,18.09.23,6.469,LSW
U2,18.09.23,7.666,LSW
U3,18.09.23,8.535,LSW
U4,18.09.23,8.311,LSW
U5,18.09.23,9.385,LSW
U6,18.09.23,9.245,LSW
U7,18.09.23,8.641,LSW
U8,18.09.23,8.74,LSW
U9,18.09.23,8.226,LSW
U10,18.09.23,10.37,LSW
U11,18.09.23,9.613,LSW
U12,18.09.23,8.969,LSW
U13,18.09.23,8.816,LSW
U14,18.09.23,8.944,LSW
U15,18.09.23,10.19,LSW
C1,18.09.23,9.456,LSW
C2,18.09.23,8.896,LSW
C3,18.09.23,8.766,LSW
C4,18.09.23,10.33,LSW
C5,18.09.23,9.743,LSW
C6,18.09.23,9.439,LSW
C7,18.09.23,8.044,LSW
C8,18.09.23,9.534,LSW
C9,18.09.23,9.278,LSW
C10,18.09.23,10.31,LSW
C11,18.09.23,9.914,LSW
C12,18.09.23,9.794,LSW
C13,18.09.23,10.97,LSW
C14,18.09.23,9.545,LSW
C15,18.09.23,8.693,LSW
M1,18.09.23,6.263,LSW
M2,18.09.23,7.857,LSW
M3,18.09.23,8.954,LSW
M4,18.09.23,9.266,LSW
M5,18.09.23,10.01,LSW
M6,18.09.23,9.502,LSW
M7,18.09.23,10.17,LSW
M8,18.09.23,8.632,LSW
M9,18.09.23,7.907,LSW
M10,18.09.23,9.403,LSW
M11,18.09.23,10.76,LSW
M12,18.09.23,9.907,LSW
M13,18.09.23,9.216,LSW
M14,18.09.23,9.609,LSW
M15,18.09.23,7.672,LSW
U4,19.09.23,9.031,LSW
U5,19.09.23,9.788,LSW
U6,19.09.23,10.22,LSW
U7,19.09.23,8.293,LSW
U8,19.09.23,9.464,LSW
U9,19.09.23,8.121,LSW
U10,19.09.23,10.57,LSW
U11,19.09.23,9.761,LSW
U12,19.09.23,9.651,LSW
U13,19.09.23,9.38,LSW
U14,19.09.23,10.23,LSW
U15,19.09.23,9.327,LSW
C4,19.09.23,10.95,LSW
C5,19.09.23,10.17,LSW
C6,19.09.23,9.271,LSW
C7,19.09.23,9.435,LSW
C8,19.09.23,9.894,LSW
C9,19.09.23,9.793,LSW
C10,19.09.23,11.09,LSW
C11,19.09.23,9.965,LSW
C12,19.09.23,9.282,LSW
C13,19.09.23,11.71,LSW
C14,19.09.23,10.08,LSW
C15,19.09.23,8.692,LSW
M4,19.09.23,10.03,LSW
M5,19.09.23,9.853,LSW
M6,19.09.23,9.882,LSW
M7,19.09.23,10.16,LSW
M8,19.09.23,8.972,LSW
M9,19.09.23,8.042,LSW
M10,19.09.23,8.69,LSW
M11,19.09.23,10.06,LSW
M12,19.09.23,9.637,LSW
M13,19.09.23,9.218,LSW
M14,19.09.23,9.505,LSW
M15,19.09.23,8.581,LSW
U4,20.09.23,9.821,LSW
U5,20.09.23,10.15,LSW
U6,20.09.23,10.11,LSW
U7,20.09.23,8.514,LSW
U8,20.09.23,8.963,LSW
U9,20.09.23,8.496,LSW
U10,20.09.23,9.662,LSW
U11,20.09.23,9.824,LSW
U12,20.09.23,9.038,LSW
U13,20.09.23,9.28,LSW
U14,20.09.23,9.676,LSW
U15,20.09.23,9.844,LSW
C4,20.09.23,11.07,LSW
C5,20.09.23,10.1,LSW
C6,20.09.23,9.472,LSW
C7,20.09.23,8.888,LSW
C8,20.09.23,10.02,LSW
C9,20.09.23,9.799,LSW
C10,20.09.23,9.483,LSW
C11,20.09.23,9.594,LSW
C12,20.09.23,10.38,LSW
C13,20.09.23,11.53,LSW
C14,20.09.23,9.267,LSW
C15,20.09.23,9.018,LSW
M4,20.09.23,10.4,LSW
M5,20.09.23,10.16,LSW
M6,20.09.23,8.664,LSW
M7,20.09.23,10.11,LSW
M8,20.09.23,8.719,LSW
M9,20.09.23,8.77,LSW
M10,20.09.23,9.385,LSW
M11,20.09.23,10.6,LSW
M12,20.09.23,10.37,LSW
M13,20.09.23,9.964,LSW
M14,20.09.23,9.715,LSW
M15,20.09.23,8.066,LSW
U7,21.09.23,9.601,LSW
U8,21.09.23,9.33,LSW
U9,21.09.23,8.663,LSW
U10,21.09.23,9.943,LSW
U11,21.09.23,9.045,LSW
U12,21.09.23,10.46,LSW
U13,21.09.23,9.348,LSW
U14,21.09.23,10.28,LSW
U15,21.09.23,10.41,LSW
C7,21.09.23,10.67,LSW
C8,21.09.23,10.38,LSW
C9,21.09.23,10.38,LSW
C10,21.09.23,9.384,LSW
C11,21.09.23,10.01,LSW
C12,21.09.23,10.18,LSW
C13,21.09.23,11.22,LSW
C14,21.09.23,9.109,LSW
C15,21.09.23,9.249,LSW
M7,21.09.23,10.44,LSW
M8,21.09.23,9.999,LSW
M9,21.09.23,8.724,LSW
M10,21.09.23,9.906,LSW
M11,21.09.23,10.74,LSW
M12,21.09.23,9.664,LSW
M13,21.09.23,10.34,LSW
M14,21.09.23,9.697,LSW
M15,21.09.23,8.535,LSW
U7,22.09.23,9.726,LSW
U8,22.09.23,9.662,LSW
U9,22.09.23,8.998,LSW
U10,22.09.23,9.814,LSW
U11,22.09.23,10.5,LSW
U12,22.09.23,10.23,LSW
U13,22.09.23,9.45,LSW
U14,22.09.23,10.18,LSW
U15,22.09.23,10.65,LSW
C7,22.09.23,10.11,LSW
C8,22.09.23,10.05,LSW
C9,22.09.23,10.09,LSW
C10,22.09.23,8.645,LSW
C11,22.09.23,9.771,LSW
C12,22.09.23,10.13,LSW
C13,22.09.23,11.08,LSW
C14,22.09.23,8.531,LSW
C15,22.09.23,8.69,LSW
M7,22.09.23,10.55,LSW
M8,22.09.23,9.453,LSW
M9,22.09.23,9.01,LSW
M10,22.09.23,9.77,LSW
M11,22.09.23,10.42,LSW
M12,22.09.23,9.467,LSW
M13,22.09.23,10.09,LSW
M14,22.09.23,9.8,LSW
M15,22.09.23,8.648,LSW
U10,23.09.23,10.94,LSW
U11,23.09.23,10.01,LSW
U12,23.09.23,10.03,LSW
U13,23.09.23,9.6,LSW
U14,23.09.23,9.905,LSW
U15,23.09.23,9.614,LSW
C10,23.09.23,10.52,LSW
C11,23.09.23,9.966,LSW
C12,23.09.23,9.702,LSW
C13,23.09.23,11.08,LSW
C14,23.09.23,9.525,LSW
C15,23.09.23,8.757,LSW
M10,23.09.23,11.27,LSW
M11,23.09.23,10.29,LSW
M12,23.09.23,9.502,LSW
M13,23.09.23,10.21,LSW
M14,23.09.23,8.848,LSW
M15,23.09.23,8.035,LSW
U10,24.09.23,10.92,LSW
U11,24.09.23,10.95,LSW
U12,24.09.23,10.79,LSW
U13,24.09.23,9.99,LSW
U14,24.09.23,9.311,LSW
U15,24.09.23,10.51,LSW
C10,24.09.23,9.875,LSW
C11,24.09.23,10.14,LSW
C12,24.09.23,9.751,LSW
C13,24.09.23,10.87,LSW
C14,24.09.23,9.049,LSW
C15,24.09.23,9.202,LSW
M10,24.09.23,11.75,LSW
M11,24.09.23,10.79,LSW
M12,24.09.23,9.268,LSW
M13,24.09.23,9.777,LSW
M14,24.09.23,8.741,LSW
M15,24.09.23,8.352,LSW
U13,25.09.23,9.646,LSW
U14,25.09.23,10.5,LSW
U15,25.09.23,10.23,LSW
C13,25.09.23,12.95,LSW
C14,25.09.23,9.448,LSW
C15,25.09.23,9.246,LSW
M13,25.09.23,11.1,LSW
M14,25.09.23,10,LSW
M15,25.09.23,9.204,LSW
U13,26.09.23,9.851,LSW
U14,26.09.23,10.67,LSW
U15,26.09.23,11.06,LSW
C13,26.09.23,12.62,LSW
C14,26.09.23,9.371,LSW
C15,26.09.23,8.859,LSW
M13,26.09.23,11.22,LSW
M14,26.09.23,9.587,LSW
M15,26.09.23,8.777,LSW
C1,NA,9.602,JVM
U4,NA,11.42,JVM
C4,NA,12.2,JVM
U7,NA,7.247,JVM
C11,NA,7.672,JVM
U10,NA,8.832,JVM
U11,NA,9.894,JVM
C14,NA,7.514,JVM
C1,NA,9.585,JVM
U4,NA,11.44,JVM
C4,NA,12.44,JVM
U7,NA,7.194,JVM
C11,NA,7.826,JVM
U10,NA,8.99,JVM
U11,NA,10.36,JVM
C14,NA,7.563,JVM
C1,NA,9.526,JVM
U4,NA,11.53,JVM
C4,NA,12.39,JVM
U7,NA,7.529,JVM
C11,NA,7.762,JVM
U10,NA,8.993,JVM
U11,NA,10.31,JVM
C14,NA,7.615,JVM
C1,NA,9.534,JVM
U4,NA,11.67,JVM
C4,NA,12.56,JVM
U7,NA,7.474,JVM
C11,NA,7.766,JVM
U10,NA,9.237,JVM
U11,NA,10.35,JVM
C14,NA,7.584,JVM
C1,NA,9.383,JVM
U4,NA,11.52,JVM
C4,NA,12.36,JVM
U7,NA,7.559,JVM
C11,NA,7.925,JVM
U10,NA,9.14,JVM
U11,NA,10.26,JVM
C14,NA,7.686,JVM
C1,NA,9.466,JVM
U4,NA,11.56,JVM
C4,NA,12.45,JVM
U7,NA,7.484,JVM
C11,NA,7.915,JVM
U10,NA,9.129,JVM
U11,NA,10.22,JVM
C14,NA,7.895,JVM
C1,NA,9.394,JVM
U4,NA,11.49,JVM
C4,NA,12.48,JVM
U7,NA,7.502,JVM
C11,NA,7.914,JVM
U10,NA,9.237,JVM
U11,NA,10.41,JVM
C14,NA,7.935,JVM
C1,NA,9.21,JVM
U4,NA,11.3,JVM
C4,NA,12.3,JVM
U7,NA,7.656,JVM
C11,NA,7.432,JVM
U10,NA,8.944,JVM
U11,NA,10.38,JVM
C14,NA,7.666,JVM
C1,NA,9.222,JVM
U4,NA,11.22,JVM
C4,NA,12.25,JVM
U7,NA,7.645,JVM
C11,NA,7.506,JVM
U10,NA,9.034,JVM
U11,NA,10.34,JVM
C14,NA,7.672,JVM
C1,NA,9.426,JVM
U4,NA,11.27,JVM
C4,NA,12.46,JVM
U7,NA,7.529,JVM
C11,NA,7.607,JVM
U10,NA,9.058,JVM
U11,NA,10.4,JVM
C14,NA,7.681,JVM
C1,NA,9.389,JVM
U4,NA,11.3,JVM
C4,NA,12.13,JVM
U7,NA,7.41,JVM
C11,NA,7.839,JVM
U10,NA,8.874,JVM
U11,NA,10.19,JVM
C14,NA,7.754,JVM
C1,NA,9.471,JVM
U4,NA,11.34,JVM
C4,NA,11.8,JVM
U7,NA,7.462,JVM
C11,NA,7.859,JVM
U10,NA,8.937,JVM
U11,NA,10.07,JVM
C14,NA,7.726,JVM
C1,NA,9.257,JVM
U4,NA,11.39,JVM
C4,NA,11.88,JVM
U7,NA,7.54,JVM
C11,NA,7.881,JVM
U10,NA,9.134,JVM
U11,NA,10.18,JVM
C14,NA,7.846,JVM
C1,NA,9.788,JVM
U4,NA,11.24,JVM
C4,NA,11.8,JVM
U7,NA,7.49,JVM
C11,NA,8.014,JVM
U10,NA,9.112,JVM
U11,NA,10.16,JVM
C14,NA,7.852,JVM
C1,NA,9.585,JVM
U4,NA,11.25,JVM
C4,NA,11.89,JVM
U7,NA,7.508,JVM
C11,NA,8.021,JVM
U10,NA,9.066,JVM
U11,NA,10.16,JVM
C14,NA,7.825,JVM