Type,Type2,Run,RunRep,No,start,stop,drop length (m),Comment,Sinking time (s),Speed m/s,WW (g),WW2 (g),Area (mm2),Length (mm),Width (mm),vol ml,Vol (mm3),Density (kg/m3),note
Whole,Whole,1,1,1,0.49,0.55,1,,6,0.166666667,624,,158945,,,645,645000,967,
Whole,Whole,1,1,2,1.04,1.09,1,,5,0.2,575,,162122,,,630,630000,913,
Whole,Whole,1,1,3,1.28,1.34,1,,6,0.166666667,671,,184170,,,865,865000,776,
Whole,Whole,1,1,4,1.45,1.53,1,,8,0.125,659,,235321,,,640,640000,1030,
Whole,Whole,1,1,5,2.04,2.08,1,,4,0.25,637,,159602,,,700,700000,910,
Whole,Whole,1,1,6,2.23,2.3,1,,7,0.142857143,793,,239187,,,755,755000,1050,
Whole,Whole,1,1,7,2.53,2.59,1,,6,0.166666667,596,,187264,,,760,760000,784,
Whole,Whole,1,1,8,3.1,3.16,1,,15,0.066666667,596,,129785,,,795,795000,750,
Whole,Whole,1,1,9,3.34,3.39,1,,5,0.2,692,,208145,,,680,680000,1018,
Whole,Whole,1,1,10,4.01,4.07,1,,6,0.166666667,605,,155795,,,790,790000,766,
Whole,Whole,2,2,1,0.38,0.4,0.5,,2,0.25,624,,,,,,,,
Whole,Whole,2,2,2,1.01,1.04,1,,3,0.333333333,575,,,,,,,,
Whole,Whole,2,2,3,1.23,1.25,0.5,,2,0.25,671,,,,,,,,
Whole,Whole,2,2,4,1.48,1.51,0.5,,3,0.166666667,659,,,,,,,,
Whole,Whole,2,2,5,2.12,2.16,1,,4,0.25,637,,,,,,,,
Whole,Whole,2,2,6,2.28,2.3,0.5,,2,0.25,793,,,,,,,,
Whole,Whole,2,2,7,2.54,2.57,0.5,,3,0.166666667,596,,,,,,,,
Whole,Whole,2,2,8,3.16,3.18,0.5,,2,0.25,596,,,,,,,,
Whole,Whole,2,2,9,3.39,3.41,0.5,,2,0.25,692,,,,,,,,
Whole,Whole,2,2,10,3.57,4,0.5,,3,0.166666667,605,,,,,,,,
Whole,Whole,3,3,1,0.52,0.55,0.5,,3,0.166666667,624,,,,,,,,
Whole,Whole,3,3,2,1.09,1.12,0.5,,3,0.166666667,575,,,,,,,,
Whole,Whole,3,3,3,1.21,1.25,0.5,,4,0.125,671,,,,,,,,
Whole,Whole,3,3,4,1.34,1.38,0.5,,4,0.125,659,,,,,,,,
Whole,Whole,3,3,5,2.03,2.06,0.5,,3,0.166666667,637,,,,,,,,
Whole,Whole,3,3,6,2.15,2.21,1,,6,0.166666667,793,,,,,,,,
Whole,Whole,3,3,7,2.31,2.38,1,,7,0.142857143,596,,,,,,,,
Whole,Whole,3,3,8,2.51,2.56,1,,5,0.2,596,,,,,,,,
Whole,Whole,3,3,9,3.07,3.11,0.5,,4,0.125,692,,,,,,,,
Whole,Whole,3,3,10,3.26,3.33,1,,7,0.142857143,605,,,,,,,,
Whole,Whole,4,4,1,0.36,0.39,0.5,,3,0.166666667,624,,,,,,,,
Whole,Whole,4,4,2,0.49,0.55,1,,6,0.166666667,575,,,,,,,,
Whole,Whole,4,4,3,1.28,1.31,0.5,,3,0.166666667,671,,,,,,,,
Whole,Whole,4,4,4,1.55,1.59,0.5,,4,0.125,659,,,,,,,,
Whole,Whole,4,4,5,2.15,2.16,0.5,,1,0.5,637,,,,,,,,
Whole,Whole,4,4,6,2.25,2.29,0.5,,4,0.125,793,,,,,,,,
Whole,Whole,4,4,7,2.5,2.53,0.5,,3,0.166666667,596,,,,,,,,
Whole,Whole,4,4,8,3,3.04,0.5,,4,0.125,596,,,,,,,,
Whole,Whole,4,4,9,3.25,3.28,0.5,,3,0.166666667,692,,,,,,,,
Whole,Whole,4,4,10,3.46,3.52,1,,6,0.166666667,605,,,,,,,,
Blade,Blade new,1,1,1,0.51,0.59,1,,8,0.125,216,,134997,661,436,295,295000,732.2033898,
Blade,Blade new,1,1,2,1.25,1.3,1,,5,0.2,152,,140570,579,462,190,190000,800,
Blade,Blade new,1,1,3,1.39,2.44,0.5,,65,0.007692308,230,,156290,416,651,375,375000,613.3333333,
Blade,Blade new,1,1,4,2.1,2.13,0.5,,12,0.041666667,276,,212741,815.5,451,355,355000,777.4647887,
Blade,Blade new,1,1,5,2.48,3,0.5,,12,0.041666667,170,,133946,579,422,260,260000,653.8461538,
Blade,Blade new,1,1,6,2.57,3.2,1,,23,0.043478261,364,,219481,291,456.8,475,475000,766.3157895,
Blade,Blade new,1,1,7,3.42,3.46,1,,4,0.25,228,,163264,613,458,260,260000,876.9230769,
Blade,Blade new,1,1,8,3.54,4.04,0.5,,10,0.05,206,,106305,590,393,300,300000,686.6666667,
Blade,Blade new,1,1,9,4.24,4.35,1,,11,0.090909091,285,,185417,803,478,300,300000,950,
Blade,Blade new,1,1,10,4.57,5.02,0.5,,5,0.1,198,,135367,632,431,300,300000,660,
Blade,Blade new,2,2,1,0.33,0.41,0.5,,8,0.0625,216,,134997,661,436,295,295000,732.2033898,
Blade,Blade new,2,2,2,1,1.26,0.5,,26,0.019230769,152,,140570,579,462,190,190000,800,
Blade,Blade new,2,2,3,1.21,1.3,0.5,,9,0.055555556,230,,156290,416,651,375,375000,613.3333333,
Blade,Blade new,2,2,4,2.05,2.12,0.5,,7,0.071428571,276,,212741,815.5,451,355,355000,777.4647887,
Blade,Blade new,2,2,5,2.34,2.41,0.5,,7,0.071428571,170,,133946,579,422,260,260000,653.8461538,
Blade,Blade new,2,2,6,2.47,2.57,0.5,,10,0.05,364,,219481,291,456.8,475,475000,766.3157895,
Blade,Blade new,2,2,7,3.05,3.14,0.5,,9,0.055555556,228,,163264,613,458,260,260000,876.9230769,
Blade,Blade new,2,2,8,3.17,3.27,0.5,,10,0.05,206,,106305,590,393,300,300000,686.6666667,
Blade,Blade new,2,2,9,3.45,3.5,0.5,,5,0.1,285,,185417,803,478,300,300000,950,
Blade,Blade new,2,2,10,4.09,4.24,1,,15,0.066666667,198,,135367,632,431,300,300000,660,
Blade,Blade new,3,3,1,0.55,1.03,0.5,,8,0.0625,216,,134997,661,436,295,295000,732.2033898,
Blade,Blade new,3,3,2,1.36,1.43,0.5,,7,0.071428571,152,,140570,579,462,190,190000,800,
Blade,Blade new,3,3,3,1.39,1.42,0.5,,3,0.166666667,230,,156290,416,651,375,375000,613.3333333,
Blade,Blade new,3,3,4,2.04,2.14,0.5,,10,0.05,276,,212741,815.5,451,355,355000,777.4647887,
Blade,Blade new,3,3,5,2.15,2.3,1,,15,0.066666667,170,,133946,579,422,260,260000,653.8461538,
Blade,Blade new,3,3,6,2.42,2.52,1,,10,0.1,364,,219481,291,456.8,475,475000,766.3157895,
Blade,Blade new,3,3,7,3.09,3.22,1,,13,0.076923077,228,,163264,613,458,260,260000,876.9230769,
Blade,Blade new,3,3,8,3.26,3.37,1,,11,0.090909091,206,,106305,590,393,300,300000,686.6666667,
Blade,Blade new,3,3,9,3.41,3.47,1,,6,0.166666667,285,,185417,803,478,300,300000,950,
Blade,Blade new,3,3,10,3.48,4.04,1,,16,0.0625,198,,135367,632,431,300,300000,660,
Stipe,Stipe,1,1,1,0.56,1.06,1.5,,10,0.15,408,,23948,1028,,350,350000,1165.714286,
Stipe,Stipe,1,1,2,0.36,0.39,1,,3,0.333333333,423,,21552,962,,440,440000,961.3636364,
Stipe,Stipe,1,1,3,1.07,1.14,1,,7,0.142857143,441,,27880,1202,,490,490000,900,
Stipe,Stipe,1,1,4,1.12,1.17,0.5,,5,0.1,383,,22580,1048,,285,285000,1343.859649,
Stipe,Stipe,1,1,5,1.18,1.22,0.5,,4,0.125,467,,25656,1065.2,,440,440000,1061.363636,
Stipe,Stipe,1,1,6,1.35,1.39,1,,4,0.25,429,,19705.6,1018,,280,280000,1532.142857,
Stipe,Stipe,1,1,7,1.43,1.48,1,,5,0.2,368,,24000,1004,,500,500000,736,
Stipe,Stipe,1,1,8,1.51,1.54,0.5,,3,0.166666667,390,,23480,984,,495,495000,787.8787879,
Stipe,Stipe,1,1,9,1.56,1.59,0.5,,3,0.166666667,407,,22728,1034,,380,380000,1071.052632,
Stipe,Stipe,1,1,10,2.04,2.1,1,,6,0.166666667,407,,20428,966,,490,490000,830.6122449,
Stipe,Stipe,2,2,1,0.24,0.27,1,Short - broken,3,0.333333333,408,,23948,1028,,350,350000,1165.714286,
Stipe,Stipe,2,2,2,0.44,0.48,1,,4,0.25,423,,21552,962,,440,440000,961.3636364,
Stipe,Stipe,2,2,3,0.57,1.04,1,,7,0.142857143,441,,27880,1202,,490,490000,900,
Stipe,Stipe,2,2,4,1.05,1.11,0.7,,6,0.116666667,383,,22580,1048,,285,285000,1343.859649,
Stipe,Stipe,2,2,5,1.12,1.18,0.8,,6,0.133333333,467,,25656,1065.2,,440,440000,1061.363636,
Stipe,Stipe,2,2,6,1.21,1.24,0.5,,3,0.166666667,429,,19705.6,1018,,280,280000,1532.142857,
Stipe,Stipe,2,2,7,1.26,1.3,1,,4,0.25,368,,24000,1004,,500,500000,736,
Stipe,Stipe,2,2,8,0.53,0.55,0.4,re-run at the end,2,0.2,390,,23480,984,,495,495000,787.8787879,
Stipe,Stipe,2,2,9,1.36,1.39,0.5,,3,0.166666667,407,,22728,1034,,380,380000,1071.052632,
Stipe,Stipe,2,2,10,1.42,1.45,0.5,,3,0.166666667,407,,20428,966,,490,490000,830.6122449,
Stipe,Stipe,3,3,1,0.43,0.48,0.9,Short - broken,5,0.18,408,,23948,1028,,350,350000,1165.714286,
Stipe,Stipe,3,3,2,0.5,0.57,0.8,,7,0.114285714,423,,21552,962,,440,440000,961.3636364,
Stipe,Stipe,3,3,3,0.59,1.01,0.5,,2,0.25,441,,27880,1202,,490,490000,900,
Stipe,Stipe,3,3,4,1.06,1.1,0.7,,4,0.175,383,,22580,1048,,285,285000,1343.859649,
Stipe,Stipe,3,3,5,1.11,1.16,0.8,,5,0.16,467,,25656,1065.2,,440,440000,1061.363636,
Stipe,Stipe,3,3,6,1.19,1.22,0.6,,3,0.2,429,,19705.6,1018,,280,280000,1532.142857,
Stipe,Stipe,3,3,7,1.28,1.31,0.5,,3,0.166666667,368,,24000,1004,,500,500000,736,
Stipe,Stipe,3,3,8,1.33,1.36,0.5,,3,0.166666667,390,,23480,984,,495,495000,787.8787879,
Stipe,Stipe,3,3,9,1.38,1.41,0.5,,3,0.166666667,407,,22728,1034,,380,380000,1071.052632,
Stipe,Stipe,3,3,10,1.45,1.5,1,,5,0.2,407,,20428,966,,490,490000,830.6122449,
Fragment,Blade frag L,1,1,1,1.12,1.16,0.3,,4,0.075,79.55658132,34.387457,35571.457,531.43,130.311,,46242.8941,1695.991028,ww2 is conversion using area to ww relationship
Fragment,Blade frag L,1,1,2,1.41,1.45,0.3,,4,0.075,12.13099381,4.240028,5424.028,144.361,56.199,,7051.2364,1371.424634,1178.146404
Fragment,Blade frag L,1,1,3,1.45,1.51,0.3,,6,0.05,22.72619473,8.97737,10161.37,293.639,64.629,,13209.781,1549.965401,
Fragment,Blade frag L,1,1,4,2.19,2.27,0.3,,8,0.0375,65.72037758,28.200993,29384.993,462.938,164.03,,38200.4909,1683.69706,
Fragment,Blade frag L,1,1,6,2.56,3.07,0.3,,11,0.027272727,14.10991905,5.124848,6308.848,136.985,67.439,,8201.5024,1425.135207,
Fragment,Blade frag L,1,1,9,4.09,4.13,0.3,,4,0.075,6.693084725,1.808622,2992.622,175.621,31.261,,3890.4086,1060.281269,
Fragment,Blade frag L,1,1,10,4.26,4.32,0.3,,6,0.05,4.105747655,0.651768,1835.768,88.864,43.554,,2386.4984,622.8742584,
Fragment,Blade frag L,1,1,13,5.47,5.5,0.3,,6,0.05,5.044358327,1.071441,2255.441,111.858,26.34,,2932.0733,833.4161934,
Fragment,Blade frag L,1,1,14,6.07,6.13,0.3,,4,0.075,13.84601315,5.00685,6190.85,200.113,48.574,,8048.105,1418.859667,
Fragment,Blade frag L,1,1,15,6.38,6.42,0.1,,4,0.025,5.228860755,1.153936,2337.936,228.163,60.889,,3039.3168,865.9129774,
Fragment,Blade frag L,1,1,17,7.22,7.28,0.1,,6,0.016666667,23.56232319,9.351221,10535.221,586.997,282.552,,13695.7873,1557.219433,
Fragment,Blade frag L,1,1,18,8.03,8.08,0.2,,5,0.04,27.37274395,11.054942,12238.942,347.546,116.305,,15910.6246,1584.665986,
Fragment,Blade frag L,1,1,19,8.09,8.12,0.3,,3,0.1,39.17615118,16.332499,17516.499,331.126,102.964,,22771.4487,1635.801025,
Fragment,Blade frag L,1,1,20,8.2,8.26,0.1,,6,0.016666667,11.54824391,3.979468,5163.468,138.197,74.914,,6712.5084,1352.099559,
Fragment,Blade frag L,1,1,21,8.32,8.49,0.3,,17,0.017647059,71.98723587,31.00304,32187.04,494.639,183.034,,41843.152,1689.850892,
Fragment,Blade frag L,1,1,22,8.54,9.01,0.3,,7,0.042857143,5.100774761,1.096666,2280.666,178.553,65.492,,2964.8658,843.6024559,
Fragment,Blade frag L,1,1,23,9.11,9.16,0.3,,5,0.06,26.27636855,10.564729,11748.729,268.174,126.159,,15273.3477,1577.584459,
Fragment,Blade frag L,1,1,24,9.22,9.25,0.2,,3,0.066666667,7.745100817,2.279001,3463.001,259.556,68.25,,4501.9013,1154.561425,
Fragment,Blade frag L,1,1,25,9.5,10.03,0.3,,8,0.0375,32.44486431,13.322796,14506.796,234.394,94.102,,18858.8348,1611.198387,
Fragment,Blade frag L,1,1,27,10.19,10.28,0.3,,9,0.033333333,25.55250712,10.241075,11425.075,285.409,78.246,,14852.5975,1572.575956,
Fragment,Blade frag L,1,1,28,10.3,10.39,0.3,,9,0.033333333,19.20277874,7.401975,8585.975,332.977,87.898,,11161.7675,1512.457357,
Fragment,Blade frag L,1,1,29,10.34,10.4,0.1,,6,0.016666667,32.2774512,13.247942,14431.942,404.674,108.579,,18761.5246,1610.455718,
Fragment,Blade frag L,1,1,31,11.08,11.19,0.2,,11,0.018181818,59.64882639,25.486272,26670.272,379.69,124.519,,34671.3536,1676.501758,
Fragment,Blade frag L,1,1,33,11.34,11.47,0.3,,13,0.023076923,20.89035364,8.156526,9340.526,121.759,123.292,,12142.6838,1532.000953,
Fragment,Blade frag L,1,1,34,11.46,11.58,0.3,,12,0.025,9.343131821,2.993515,4177.515,122.985,61.339,,5430.7695,1257.154242,
Fragment,Blade frag L,1,1,35,12.05,12.27,0.4,,22,0.018181818,8.104871046,2.439862,3623.862,148.748,38.644,,4711.0206,1181.187266,
Fragment,Blade frag L,1,1,36,12.33,12.54,0.5,,19,0.026315789,14.31826735,5.218005,6402.005,248.731,78.514,,8322.6065,1429.926209,
Fragment,Blade frag L,1,1,37,12.47,13.07,0.5,,20,0.025,6.8908028,1.897026,3081.026,101.823,56.739,,4005.3338,1080.197243,
Fragment,Blade frag L,1,1,38,13.08,13.15,0.3,,7,0.042857143,3.291512576,0.287706,1471.706,71.154,38.337,,1913.2178,342.9675278,
Fragment,Blade frag L,1,1,39,13.25,13.33,0.3,,8,0.0375,2.894747927,,1294.304,71.767,23.922,,1682.5952,0,
Fragment,Blade frag L,1,1,40,13.42,13.52,0.1,,10,0.01,1.419815458,,634.83,41.404,29.75,,825.279,,
Fragment,Blade frag L,1,1,41,14.01,14.21,0.5,,20,0.025,65.31795451,28.021061,29205.061,368.847,159.834,,37966.5793,1683.261546,
Fragment,Blade frag L,1,1,42,14.23,14.37,0.3,,14,0.021428571,3.115546978,0.209028,1393.028,63.933,34.699,,1810.9364,263.2508388,
Fragment,Blade frag L,1,1,43,14.4,14.54,0.5,,14,0.035714286,6.044770994,1.518747,2702.747,131.146,43.169,,3513.5711,985.8371579,
Fragment,Blade frag L,1,1,44,15,15.18,0.5,,18,0.027777778,22.47430793,8.864746,10048.746,295.624,68.032,,13063.3698,1547.674303,
Fragment,Blade frag L,1,1,45,15.26,15.36,0.5,,10,0.05,24.04819114,9.568463,10752.463,395.076,77.321,,13978.2019,1561.202972,
Fragment,Blade frag L,1,1,46,15.5,16.02,0.5,,12,0.041666667,19.53857115,7.552115,8736.115,320.76,78.141,,11356.9495,1516.615173,
Fragment,Blade frag L,1,1,47,16.55,17.13,0.5,,18,0.027777778,38.87713178,16.198801,17382.801,472.671,74.862,,22597.6413,1634.888941,
Fragment,Blade frag L,1,1,48,17.18,17.21,0.3,,3,0.1,4.160017022,0.676033,1860.033,65.573,43.169,,2418.0429,637.6353576,
Fragment,Blade frag L,1,1,53,0.04,0.37,0.5,,33,0.015151515,19.57314117,7.567572,8751.572,191.083,83.758,,11377.0436,1517.035123,
Fragment,Blade frag L,1,1,54,0.44,1.09,0.3,,25,0.012,8.016215051,2.400222,3584.222,88.217,57.325,,4659.4886,1174.847928,
Fragment,Blade frag L,1,1,55,0.54,0.57,0.3,,3,0.1,9.455273602,3.043656,4227.656,138.217,52.548,,5495.9528,1263.051527,
Fragment,Blade frag L,1,1,56,1.17,1.29,0.3,,12,0.025,11.7608528,4.07453,5258.53,225.478,33.121,,6836.089,1359.371962,
Fragment,Blade frag L,1,1,57,1.24,1.32,0.2,,8,0.025,18.46526554,7.072217,8256.217,133.758,80.573,,10733.0821,1502.794591,
Fragment,Blade frag L,1,1,58,1.41,1.47,0.3,,6,0.05,5.497183802,1.273909,2457.909,141.083,33.439,,3195.2817,909.2802338,
Fragment,Blade frag L,1,1,59,1.57,2.16,0.3,,19,0.015789474,2.027701698,,906.629,68.153,34.713,,1178.6177,,
Fragment,Blade frag L,1,1,60,2.12,2.27,0.3,,15,0.02,1.400042309,,625.989,70.701,15.287,,813.7857,,
Fragment,Blade frag L,1,1,61,2.39,2.55,0.3,,16,0.01875,34.82941309,14.388979,15572.979,273.227,149.991,,20244.8727,1621.001531,
Fragment,Blade frag L,1,1,62,2.56,3.02,0.3,,6,0.05,5.341885965,1.204472,2388.472,131.884,45.673,,3105.0136,884.7115528,
Fragment,Blade frag L,1,1,63,3.12,3.26,0.3,,14,0.021428571,2.920215279,0.121691,1305.691,122.425,67.023,,1697.3983,163.5095765,
Fragment,Blade frag L,1,1,64,3.15,3.34,0.3,,19,0.015789474,5.541171847,1.293577,2477.577,268.912,40.538,,3220.8501,915.9890221,
Fragment,Blade frag L,1,1,65,3.24,3.38,0.3,,14,0.021428571,2.244280419,,1003.466,45.673,24.863,,1304.5058,,
Fragment,Blade frag L,1,1,66,3.35,3.4,0.3,,5,0.06,4.432350165,0.797799,1981.799,120.804,44.322,,2576.3387,706.2509207,
Fragment,Blade frag L,1,1,67,3.41,3.58,0.3,,17,0.017647059,5.766922572,1.394515,2578.515,82.157,55.672,,3352.0695,948.8087306,
Fragment,Blade frag L,1,1,68,3.53,4.07,0.3,,14,0.021428571,3.170795944,0.233731,1417.731,109.453,55.132,,1843.0503,289.2328559,
Fragment,Blade frag L,1,1,69,3.59,4.11,0.3,,12,0.025,6.962159246,1.928931,3112.931,150.532,54.862,,4046.8103,1087.107126,
Fragment,Blade frag L,1,1,70,4.11,4.23,0.3,,12,0.025,8.504185337,2.618404,3802.404,154.856,37.295,,4943.1252,1208.101829,
Fragment,Blade frag L,1,1,71,6.32,6.4,0.3,,8,0.0375,39.16457267,16.327322,17511.322,317.804,119.066,,22764.7186,1635.765967,
Fragment,Blade frag L,1,1,72,6.52,7,0.3,,8,0.0375,3.664851824,0.454634,1638.634,140.527,41.453,,2130.2242,486.7490292,
Fragment,Blade frag L,1,1,73,6.58,7.14,0.3,,16,0.01875,5.048522743,1.073303,2257.303,77.026,87.021,,2934.4939,834.1758813,
Fragment,Blade frag L,1,1,74,7.13,7.18,0.3,,5,0.06,7.549686366,2.191627,3375.627,195.504,46.451,,4388.3151,1139.035696,
Fragment,Blade frag L,1,1,75,7.34,7.49,0.3,,15,0.02,6.850505028,1.879008,3063.008,170.514,35.279,,3981.9104,1076.231359,
Fragment,Blade frag L,1,1,76,7.53,8.08,0.3,,15,0.02,7.987520389,2.387392,3571.392,149.935,66.148,,4642.8096,1172.765974,
Fragment,Blade frag L,1,1,77,7.54,8.07,0.3,,13,0.023076923,8.136942866,2.454202,3638.202,94.077,62.62,,4729.6626,1183.446533,
Fragment,Blade frag L,1,1,78,8.14,8.4,0.3,,36,0.008333333,5.193695815,1.138213,2322.213,149.641,42.923,,3018.8769,859.8973963,
Fragment,Blade frag L,1,1,79,8.31,8.44,0.3,,13,0.023076923,4.075623851,0.638299,1822.299,168.163,33.221,,2368.9887,614.5110144,
Fragment,Blade frag L,1,1,80,8.43,9.03,0.3,,20,0.015,9.815596253,3.204764,4388.764,143.467,47.038,,5705.3932,1281.08802,
Fragment,Blade frag L,1,1,81,9.06,9.17,0.2,,11,0.018181818,56.88278174,24.249514,25433.514,303.765,132.824,,33063.5682,1672.714475,
Fragment,Blade frag L,1,1,82,9.33,9.36,0.3,,3,0.1,8.753104262,2.729701,3913.701,187.068,67.145,,5087.8113,1223.636942,
Fragment,Blade frag L,1,1,83,9.44,9.5,0.3,,6,0.05,3.496204148,0.379228,1563.228,194.984,36.065,,2032.1964,425.6015634,
Fragment,Blade frag L,1,1,84,9.45,9.49,0.3,,5,0.06,8.864818866,2.779651,3963.651,187.068,52.191,,5152.7463,1230.32545,
Fragment,Blade frag L,1,1,85,9.54,10.04,0.3,,10,0.03,1.454011981,,650.12,124.321,75.062,,845.156,,
Fragment,Blade frag L,1,1,86,9.56,10,0.3,,4,0.075,7.811709112,2.308783,3492.783,88.549,66.559,,4540.6179,1159.675964,
Fragment,Blade frag L,1,1,87,10.04,10.07,0.3,,3,0.1,7.340239934,2.097979,3281.979,87.377,48.966,,4266.5727,1121.477289,
Fragment,Blade frag L,1,1,88,10.14,10.17,0.3,,3,0.1,6.755714236,1.836625,3020.625,81.512,48.966,,3926.8125,1066.716035,
Fragment,Blade frag L,1,1,89,10.37,10.46,0.3,,9,0.033333333,7.213144723,2.041152,3225.152,75.062,64.799,,4192.6976,1110.325473,
Fragment,Blade frag L,1,1,90,10.47,10.49,0.3,,2,0.15,7.189301091,2.030491,3214.491,95.88,65.679,,4178.8383,1108.189419,
Fragment,Blade frag L,1,1,91,11.39,11.48,0.3,,9,0.033333333,34.4639755,14.225584,15409.584,295.71,124.665,,20032.4592,1619.587194,
Fragment,Blade frag L,1,1,92,12.02,12.15,0.3,,13,0.023076923,9.305942823,2.976887,4160.887,100.268,94.906,,5409.1531,1255.167173,
Fragment,Blade frag L,1,1,93,11.58,12.05,0.3,,7,0.042857143,10.19007837,3.372203,4556.203,107.239,55.764,,5923.0639,1298.481568,
Fragment,Blade frag L,1,1,94,12.15,12.24,0.3,,9,0.033333333,9.539514688,3.081322,4265.322,112.332,55.496,,5544.9186,1267.39038,
Fragment,Blade frag L,1,1,95,12.24,12.4,0.2,,16,0.0125,6.152466556,1.5669,2750.9,143.432,61.394,,3576.17,999.2901845,
Fragment,Blade frag L,1,1,96,12.28,12.33,0.3,,5,0.06,8.124091772,2.448456,3632.456,141.823,52.279,,4722.1928,1182.543393,
Fragment,Blade frag L,1,1,97,12.4,12.53,0.3,,13,0.023076923,4.623553232,0.88329,2067.29,120.912,57.641,,2687.477,749.595644,
Fragment,Blade frag L,1,1,98,12.43,12.49,0.3,,6,0.05,1.397899714,,625.031,71.85,52.815,,812.5403,,
Fragment,Blade frag L,1,1,99,12.53,12.58,0.3,,5,0.06,2.346659753,,1049.242,48.525,43.164,,1364.0146,,
Fragment,Blade frag L,1,1,100,13.21,13.37,0.3,,16,0.01875,11.91366361,4.142855,5326.855,141.019,57.373,,6924.9115,1364.438617,
Fragment,Blade frag L,1,1,11,4.42,4.45,0.3,,3,0.1,82.17737909,35.559272,36743.272,613.679,235.688,,47766.2536,1697.853357,
pooish frags,Blade frag S,1,1,1,,,0.1,Biomass calculated from frag density,2.88,0.034722222,0.138481379,,61.918,9.268,11.515,,80.4934,,
pooish frags,Blade frag S,1,1,2,,,0.1,Biomass calculated from frag density,2.8,0.035714286,0.154577675,,69.115,14.042,7.442,,89.8495,,
pooish frags,Blade frag S,1,1,3,,,0.1,Biomass calculated from frag density,2.45,0.040816327,0.178083591,,79.625,11.936,11.796,,103.5125,,
pooish frags,Blade frag S,1,1,4,,,0.1,Biomass calculated from frag density,2.53,0.039525692,0.310302689,,138.743,13.621,14.183,,180.3659,,
pooish frags,Blade frag S,1,1,5,,,0.1,Biomass calculated from frag density,2.56,0.0390625,0.236387655,,105.694,10.532,11.515,,137.4022,,
pooish frags,Blade frag S,1,1,6,,,0.1,Biomass calculated from frag density,2.72,0.036764706,0.326707626,,146.078,12.638,17.272,,189.9014,,
pooish frags,Blade frag S,1,1,7,,,0.1,Biomass calculated from frag density,2.75,0.036363636,0.387127447,,173.093,17.553,14.745,,225.0209,,
pooish frags,Blade frag S,1,1,8,,,0.1,Biomass calculated from frag density,2.9,0.034482759,0.130454477,,58.329,9.268,10.813,,75.8277,,
pooish frags,Blade frag S,1,1,9,,,0.1,Biomass calculated from frag density,3.17,0.031545741,0.277709758,,124.17,23.591,9.268,,161.421,,
pooish frags,Blade frag S,1,1,10,,,0.1,Biomass calculated from frag density,3.05,0.032786885,0.233873797,,104.57,17.413,11.094,,135.941,,
pooish frags,Blade frag S,1,1,11,,,0.1,Biomass calculated from frag density,4.56,0.021929825,0.086969652,,38.886,8.145,10.391,,50.5518,,
pooish frags,Blade frag S,1,1,12,,,0.1,Biomass calculated from frag density,3.56,0.028089888,0.225229614,,100.705,13.2,12.638,,130.9165,,
pooish frags,Blade frag S,1,1,13,,,0.1,Biomass calculated from frag density,4.15,0.024096386,0.108402305,,48.469,8.566,11.655,,63.0097,,
pooish frags,Blade frag S,1,1,14,,,0.1,Biomass calculated from frag density,3.7,0.027027027,0.102538127,,45.847,9.408,7.583,,59.6011,,
pooish frags,Blade frag S,1,1,15,,,0.1,Biomass calculated from frag density,4.16,0.024038462,0.120309584,,53.793,8.285,11.094,,69.9309,,
pooish frags,Blade frag S,1,1,16,,,0.1,Biomass calculated from frag density,4.48,0.022321429,0.067388844,,30.131,6.46,9.128,,39.1703,,
pooish frags,Blade frag S,1,1,17,,,0.1,Biomass calculated from frag density,4.03,0.024813896,0.106903831,,47.799,10.391,7.162,,62.1387,,
pooish frags,Blade frag S,1,1,18,,,0.1,Biomass calculated from frag density,3.9,0.025641026,0.125999312,,56.337,9.268,11.234,,73.2381,,
pooish frags,Blade frag S,1,1,19,,,0.1,Biomass calculated from frag density,3.42,0.029239766,0.064830255,,28.987,5.196,10.953,,37.6831,,
pooish frags,Blade frag S,1,1,20,,,0.1,Biomass calculated from frag density,4.65,0.021505376,0.064653569,,28.908,8.706,6.74,,37.5804,,
pooish frags,Blade frag S,1,1,21,,,0.1,Biomass calculated from frag density,3.86,0.025906736,0.358593815,,160.335,19.098,15.166,,208.4355,,
pooish frags,Blade frag S,1,1,22,,,0.1,Biomass calculated from frag density,2.67,0.037453184,0.231755804,,103.623,15.166,13.621,,134.7099,,
pooish frags,Blade frag S,1,1,23,,,0.1,Biomass calculated from frag density,3.18,0.031446541,0.355639361,,159.014,18.396,16.991,,206.7182,,
pooish frags,Blade frag S,1,1,24,,,0.1,Biomass calculated from frag density,3.45,0.028985507,0.215968149,,96.564,10.672,11.374,,125.5332,,
pooish frags,Blade frag S,1,1,25,,,0.1,Biomass calculated from frag density,3.53,0.028328612,0.227698741,,101.809,10.813,12.919,,132.3517,,
pooish frags,Blade frag S,1,1,26,,,0.1,Biomass calculated from frag density,4.28,0.023364486,0.134379585,,60.084,10.813,10.532,,78.1092,,
pooish frags,Blade frag S,1,1,27,,,0.1,Biomass calculated from frag density,3.7,0.027027027,0.1470361,,65.743,12.217,7.583,,85.4659,,
pooish frags,Blade frag S,1,1,28,,,0.1,Biomass calculated from frag density,3.85,0.025974026,0.076869488,,34.37,9.689,6.74,,44.681,,
pooish frags,Blade frag S,1,1,29,,,0.1,Biomass calculated from frag density,3.78,0.026455026,0.079913404,,35.731,9.408,6.179,,46.4503,,
pooish frags,Blade frag S,1,1,30,,,0.1,Biomass calculated from frag density,3.3,0.03030303,0.09407063,,42.061,7.302,10.111,,54.6793,,
pooish frags,Blade frag S,1,1,31,,,0.1,Biomass calculated from frag density,3.96,0.025252525,0.065360312,,29.224,4.494,8.425,,37.9912,,
pooish frags,Blade frag S,1,1,32,,,0.1,Biomass calculated from frag density,3.85,0.025974026,0.085998998,,38.452,5.196,9.128,,49.9876,,
pooish frags,Blade frag S,1,1,33,,,0.1,Biomass calculated from frag density,3.86,0.025906736,0.071533131,,31.984,4.774,8.987,,41.5792,,
pooish frags,Blade frag S,1,1,34,,,0.1,Biomass calculated from frag density,4,0.025,0.059095795,,26.423,5.196,6.881,,34.3499,,
pooish frags,Blade frag S,1,1,35,,,0.1,Biomass calculated from frag density,4.23,0.023640662,0.040308955,,18.023,3.651,6.6,,23.4299,,
pooish frags,Blade frag S,1,1,36,,,0.1,Biomass calculated from frag density,4.47,0.022371365,0.035325969,,15.795,4.072,4.915,,20.5335,,
pooish frags,Blade frag S,1,1,37,,,0.1,Biomass calculated from frag density,3.69,0.027100271,0.04476412,,20.015,5.898,5.898,,26.0195,,
pooish frags,Blade frag S,1,1,38,,,0.1,Biomass calculated from frag density,4.55,0.021978022,0.033516618,,14.986,3.791,5.055,,19.4818,,
pooish frags,Blade frag S,1,1,39,,,0.1,Biomass calculated from frag density,4.16,0.024038462,0.044323524,,19.818,4.494,7.021,,25.7634,,
pooish frags,Blade frag S,1,1,40,,,0.1,Biomass calculated from frag density,3.78,0.026455026,0.139935122,,62.568,11.374,10.953,,81.3384,,
pooish frags,Blade frag S,1,1,41,,,0.1,Biomass calculated from frag density,3.79,0.026385224,0.057905962,,25.891,7.162,5.617,,33.6583,,
pooish frags,Blade frag S,1,1,42,,,0.1,Biomass calculated from frag density,4.35,0.022988506,0.082691172,,36.973,5.336,10.251,,48.0649,,
pooish frags,Blade frag S,1,1,43,,,0.1,Biomass calculated from frag density,3.37,0.029673591,0.185714626,,83.037,16.851,8.706,,107.9481,,
pooish frags,Blade frag S,1,1,44,,,0.1,Biomass calculated from frag density,3.45,0.028985507,0.155239687,,69.411,8.145,18.536,,90.2343,,
pooish frags,Blade frag S,1,1,45,,,0.1,Biomass calculated from frag density,3.68,0.027173913,0.04789526,,21.415,4.774,7.162,,27.8395,,
pooish frags,Blade frag S,1,1,46,,,0.1,Biomass calculated from frag density,4.08,0.024509804,0.05556879,,24.846,6.179,8.004,,32.2998,,
pooish frags,Blade frag S,1,1,47,,,0.1,Biomass calculated from frag density,4.34,0.023041475,0.098170187,,43.894,8.425,11.936,,57.0622,,
pooish frags,Blade frag S,1,1,48,,,0.1,Biomass calculated from frag density,3.46,0.028901734,0.189373587,,84.673,13.762,9.689,,110.0749,,
pooish frags,Blade frag S,1,1,49,,,0.1,Biomass calculated from frag density,4.56,0.021929825,0.038852975,,17.372,4.072,5.757,,22.5836,,
Poo,Poo no size,1,1,1,,,0.1,,6.05,0.016528926,,,,,,,,,
Poo,Poo no size,1,1,2,,,0.1,,6.52,0.015337423,,,,,,,,,
Poo,Poo no size,1,1,3,,,0.1,,6.68,0.01497006,,,,,,,,,
Poo,Poo no size,1,1,4,,,0.1,,6.76,0.014792899,,,,,,,,,
Poo,Poo no size,1,1,5,,,0.1,,7.3,0.01369863,,,,,,,,,
Poo,Poo no size,1,1,6,,,0.1,,7.98,0.012531328,,,,,,,,,
Poo,Poo no size,1,1,7,,,0.1,,11.3,0.008849558,,,,,,,,,
Poo,Poo no size,1,1,8,,,0.1,,5.8,0.017241379,,,,,,,,,
Poo,Poo no size,1,1,9,,,0.1,,7.22,0.013850416,,,,,,,,,
Poo,Poo no size,1,1,10,,,0.1,,6.85,0.01459854,,,,,,,,,
Poo,Poo no size,1,1,11,,,0.1,,6.05,0.016528926,,,,,,,,,
Poo,Poo no size,1,1,12,,,0.1,,6.23,0.016051364,,,,,,,,,
Poo,Poo no size,1,1,13,,,0.1,,7,0.014285714,,,,,,,,,
Poo,Poo no size,1,1,14,,,0.1,,9.39,0.010649627,,,,,,,,,
Poo,Poo no size,1,1,15,,,0.1,,6.68,0.01497006,,,,,,,,,
Poo,Poo no size,1,1,16,,,0.1,,9.35,0.010695187,,,,,,,,,
Poo,Poo no size,1,1,17,,,0.1,,12.13,0.008244023,,,,,,,,,
Poo,Poo no size,1,1,18,,,0.1,,6.99,0.014306152,,,,,,,,,
Poo,Poo no size,1,1,19,,,0.1,,7.23,0.013831259,,,,,,,,,
Poo,Poo no size,1,1,20,,,0.1,,4.35,0.022988506,,,,,,,,,
Poo,Poo no size,1,1,21,,,0.1,,6.67,0.014992504,,,,,,,,,
Poo,Poo no size,1,1,22,,,0.1,,10.15,0.009852217,,,,,,,,,
Poo,Poo no size,1,1,23,,,0.1,,13.88,0.007204611,,,,,,,,,
Poo,Poo no size,1,1,24,,,0.1,,6.26,0.015974441,,,,,,,,,
Poo,Poo no size,1,1,25,,,0.1,,10.02,0.00998004,,,,,,,,,
Poo,Poo no size,1,1,26,,,0.1,,7.15,0.013986014,,,,,,,,,
Poo,Poo no size,1,1,27,,,0.1,,7.14,0.014005602,,,,,,,,,
Poo,Poo no size,1,1,28,,,0.1,,6.16,0.016233766,,,,,,,,,
Poo,Poo no size,1,1,29,,,0.1,,7.46,0.013404826,,,,,,,,,
Poo,Poo no size,1,1,30,,,0.1,,10.57,0.009460738,,,,,,,,,
Poo,Poo no size,1,1,31,,,0.1,,7.96,0.012562814,,,,,,,,,
Poo,Poo no size,1,1,32,,,0.1,,7.36,0.013586957,,,,,,,,,
Poo,Poo no size,1,1,33,,,0.1,,10.05,0.009950249,,,,,,,,,
Poo,Poo no size,1,1,34,,,0.1,,14.21,0.007037298,,,,,,,,,
Poo,Poo no size,1,1,35,,,0.1,,7.68,0.013020833,,,,,,,,,
Poo,Poo no size,1,1,36,,,0.1,,7.95,0.012578616,,,,,,,,,
Poo,Poo no size,1,1,37,,,0.1,,10.49,0.009532888,,,,,,,,,
Poo,Poo no size,1,1,38,,,0.1,,5.96,0.016778523,,,,,,,,,
Poo,Poo no size,1,1,39,,,0.1,,7.9,0.012658228,,,,,,,,,
Poo,Poo no size,1,1,40,,,0.1,,7.96,0.012562814,,,,,,,,,
Poo,Poo no size,1,1,41,,,0.1,,10.49,0.009532888,,,,,,,,,
Poo,Poo no size,1,1,42,,,0.1,,5.96,0.016778523,,,,,,,,,
Poo,Poo no size,1,1,43,,,0.1,,7.8,0.012820513,,,,,,,,,
Poo,Poo no size,1,1,44,,,0.1,,7.96,0.012562814,,,,,,,,,
Poo,Poo no size,1,1,45,,,0.1,,10.26,0.009746589,,,,,,,,,
Poo,Poo no size,1,1,46,,,0.1,,8.28,0.012077295,,,,,,,,,
Poo,Poo no size,1,1,47,,,0.1,,12.66,0.007898894,,,,,,,,,
Poo,Poo no size,1,1,48,,,0.1,,9.63,0.010384216,,,,,,,,,
Poo,Poo no size,1,1,49,,,0.1,,6.93,0.014430014,,,,,,,,,
Poo,Poo no size,1,1,50,,,0.1,,10.6,0.009433962,,,,,,,,,density 
new blade,Blade new,5,1,11,,,0.5,1916,10.65,0.046948357,217,,100485.768,375.206,476.24,345,345000,628.9855072,130631.4984
new blade,Blade new,5,1,12,,,0.5,1916,9.41,0.053134963,387,,158110.824,469.954,604.522,465,465000,832.2580645,205544.0712
new blade,Blade new,5,1,13,,,0.5,1916,8.02,0.06234414,281,,12238.005,506.479,535.22,310,310000,906.4516129,15909.4065
new blade,Blade new,5,1,14,,,,1916,no good,,189,,92579.328,450.249,319.368,275,275000,687.2727273,120353.1264
new blade,Blade new,5,1,15,,,0.4,1916,6.96,0.057471264,420,,212635.335,597.048,691.525,490,490000,857.1428571,276425.9355
new blade,Blade new,5,1,16,,,,1916,no good,,326,,174436.35,581.317,597.502,350,350000,931.4285714,226767.255
new blade,Blade new,5,1,17,,,0.3,1916,7.48,0.040106952,563,,285300.393,765.565,803.905,590,590000,954.2372881,370890.5109
new blade,Blade new,5,1,18,,,0.4,1916,6.78,0.05899705,409,,193459.445,539.659,617.607,425,425000,962.3529412,251497.2785
new blade,Blade new,5,1,19,,,0.3,not great,8.58,0.034965035,403,,206097.92,621.866,620.712,420,420000,959.5238095,267927.296
new blade,Blade new,5,1,20,,,0.5,1916,8.38,0.059665871,302,,179448.935,753.659,627.696,290,290000,1041.37931,233283.6155
new blade,Blade new,6,2,11,,,,1917,no good,,217,,100485.768,375.206,476.24,345,345000,628.9855072,130631.4984
new blade,Blade new,6,2,12,,,0.3,1917,6.92,0.043352601,387,,158110.824,469.954,604.522,465,465000,832.2580645,205544.0712
new blade,Blade new,6,2,13,,,0.4,1917,11.38,0.035149385,281,,12238.005,506.479,535.22,310,310000,906.4516129,15909.4065
new blade,Blade new,6,2,14,,,0.3,1917,8.26,0.036319613,189,,92579.328,450.249,319.368,275,275000,687.2727273,120353.1264
new blade,Blade new,6,2,15,,,0.4,1917,7.82,0.051150895,420,,212635.335,597.048,691.525,490,490000,857.1428571,276425.9355
new blade,Blade new,6,2,16,,,0.3,1917,7.15,0.041958042,326,,174436.35,581.317,597.502,350,350000,931.4285714,226767.255
new blade,Blade new,6,2,17,,13:48,0.4,1917,13.88,0.028818444,563,,285300.393,765.565,803.905,590,590000,954.2372881,370890.5109
new blade,Blade new,6,2,18,,,0.4,1917,7.98,0.050125313,409,,193459.445,539.659,617.607,425,425000,962.3529412,251497.2785
new blade,Blade new,6,2,19,,,0.4,1917,7.3,0.054794521,403,,206097.92,621.866,620.712,420,420000,959.5238095,267927.296
new blade,Blade new,6,2,20,,,0.3,1917,11.71,0.025619129,302,,179448.935,753.659,627.696,290,290000,1041.37931,233283.6155
new blade,Blade new,7,3,11,,,0.2,1917,11.73,0.017050298,217,,,,,345,345000,628.9855072,0
new blade,Blade new,7,3,12,,,0.3,1917,8,0.0375,387,,,,,465,465000,832.2580645,0
new blade,Blade new,7,3,13,,,0.5,1917,9.26,0.05399568,281,,,,,310,310000,906.4516129,0
new blade,Blade new,7,3,14,,,0.5,21917,16.21,0.030845157,189,,,,,275,275000,687.2727273,0
new blade,Blade new,7,3,15,,,0.5,21917,7.48,0.06684492,420,,,,,490,490000,857.1428571,0
new blade,Blade new,7,3,16,,,0.5,21917,18.5,0.027027027,326,,,,,350,350000,931.4285714,0
new blade,Blade new,7,3,17,,,0.4,21917,8.78,0.045558087,563,,,,,590,590000,954.2372881,0
new blade,Blade new,7,3,18,,,0.5,21917,11.08,0.045126354,409,,,,,425,425000,962.3529412,0
new blade,Blade new,7,3,19,,,0.3,21917,4.46,0.067264574,403,,,,,420,420000,959.5238095,0
new blade,Blade new,7,3,20,,,0.5,21917,13.25,0.037735849,302,,,,,290,290000,1041.37931,0
old,Blade old,5,1,11,,,0.4,1916,8.22,0.0486618,142,,56498.131,300.933,422.541,170,170000,835.2941176,73447.5703
old,Blade old,5,1,12,,,0.5,1916,4.68,0.106837607,324,,180703,859,536,375,375000,864,234913.9
old,Blade old,5,1,13,,,0.5,1916,4.12,0.121359223,410,,151481.376,569.929,587.102,445,445000,921.3483146,196925.7888
old,Blade old,5,1,14,,,0.4,1916,8.18,0.048899756,490,,170837.405,545.573,539.903,570,570000,859.6491228,222088.6265
old,Blade old,5,1,15,,,0.5,1916,6.95,0.071942446,410,,200687.22,675.115,636.809,490,490000,836.7346939,260893.386
old,Blade old,5,1,16,,,0.5,1916,6.15,0.081300813,372,,167854.55,559.813,546.46,420,420000,885.7142857,218210.915
old,Blade old,5,1,17,,,0.5,1916,5.32,0.093984962,594,,177780.845,462.316,697.46,625,625000,950.4,231115.0985
old,Blade old,5,1,18,,,0.5,1916,9.48,0.052742616,281,,137703.649,406.783,625.103,380,380000,739.4736842,179014.7437
old,Blade old,5,1,19,,,0.5,1916,9.93,0.050352467,694,,235135.839,672.6,706.432,750,750000,925.3333333,305676.5907
old,Blade old,5,1,20,,,0.5,1916,10.02,0.0499002,410,,175253.389,453.502,743.559,390,390000,1051.282051,227829.4057
old,Blade old,6,2,11,,,0.4,1917,7.88,0.050761421,142,,56498.131,300.933,422.541,170,170000,835.2941176,73447.5703
old,Blade old,6,2,12,,,0.3,1917,4.63,0.064794816,324,,180703,859,536,375,375000,864,234913.9
old,Blade old,6,2,13,,,0.3,1917,9.79,0.030643514,410,,151481.376,569.929,587.102,445,445000,921.3483146,196925.7888
old,Blade old,6,2,14,,,0.4,1917,6.73,0.059435364,490,,170837.405,545.573,539.903,570,570000,859.6491228,222088.6265
old,Blade old,6,2,15,,,0.4,1917,5.73,0.069808028,410,,200687.22,675.115,636.809,490,490000,836.7346939,260893.386
old,Blade old,6,2,16,,,0.3,at end of run?,4.85,0.06185567,372,,167854.55,559.813,546.46,420,420000,885.7142857,218210.915
old,Blade old,6,2,17,, ,0.4,1917,9.6,0.041666667,594,,177780.845,462.316,697.46,625,625000,950.4,231115.0985
old,Blade old,6,2,18,,,0.4,1917,7.46,0.053619303,281,,137703.649,406.783,625.103,380,380000,739.4736842,179014.7437
old,Blade old,6,2,19,,,0.4,1917,9.85,0.040609137,694,,235135.839,672.6,706.432,750,750000,925.3333333,305676.5907
old,Blade old,6,2,20,,,0.4,1917,5.5,0.072727273,410,,175253.389,453.502,743.559,390,390000,1051.282051,227829.4057
old,Blade old,7,3,11,,,0.4,1917,8.03,0.0498132,142,,,,,170,170000,835.2941176,0
old,Blade old,7,3,12,,,0.5,1917,10.05,0.049751244,324,,,,,375,375000,864,0
old,Blade old,7,3,13,,,0.5,1917,5.46,0.091575092,410,,,,,445,445000,921.3483146,0
old,Blade old,7,3,14,,,0.5,1917,8.62,0.05800464,490,,,,,570,570000,859.6491228,0
old,Blade old,7,3,15,,,0.5,21917,12.52,0.039936102,410,,,,,490,490000,836.7346939,0
old,Blade old,7,3,16,,,0.5,21917,11.16,0.044802867,372,,,,,420,420000,885.7142857,0
old,Blade old,7,3,17,,,0.5,21917,8.58,0.058275058,594,,,,,625,625000,950.4,0
old,Blade old,7,3,18,,,0.5,21917,14.15,0.035335689,281,,,,,380,380000,739.4736842,0
old,Blade old,7,3,19,,,0.5,21917,10.03,0.049850449,694,,,,,750,750000,925.3333333,0
old,Blade old,7,3,20,,,0.5,21917,6.29,0.079491256,410,,,,,390,390000,1051.282051,0
stipe,Stipe,5,1,11,,,0.4,1916,2.35,0.170212766,334,,20252.891,841,,350,350000,954.2857143,
stipe,Stipe,5,1,12,,,0.4,1916,2.15,0.186046512,491,,24781,1022,,440,440000,1115.909091,
stipe,Stipe,5,1,13,,,0.4,1916,2.13,0.187793427,526,,24878,995,,490,490000,1073.469388,
stipe,Stipe,5,1,14,,,0.4,1916,1.96,0.204081633,360,,166650,686,,285,285000,1263.157895,
stipe,Stipe,5,1,15,,1.02,0.4,1916,2.4,0.166666667,455,,23784,1026,,440,440000,1034.090909,
stipe,Stipe,5,1,16,,,0.4,1916,2.23,0.179372197,407,,212635,863,,280,280000,1453.571429,
stipe,Stipe,5,1,17,,,0.4,1916,2.28,0.175438596,498,,24295,858,,500,500000,996,
stipe,Stipe,5,1,18,,,0.4,1916,2.36,0.169491525,503,,28616.971,976,,495,495000,1016.161616,
stipe,Stipe,5,1,19,,,0.4,1916,2.42,0.165289256,461,,24103.168,873,,380,380000,1213.157895,
stipe,Stipe,5,1,20,,,0.4,1916,1.82,0.21978022,469,,25308.194,949,,490,490000,957.1428571,
stipe,Stipe,6,2,11,,,0.4,1917,2.58,0.15503876,334,,20252.891,841,,350,350000,954.2857143,
stipe,Stipe,6,2,12,,,0.4,1917,2.42,0.165289256,491,,24781,1022,,440,440000,1115.909091,
stipe,Stipe,6,2,13,,,0.4,1917,2.23,0.179372197,526,,24878,995,,490,490000,1073.469388,
stipe,Stipe,6,2,14,,,0.4,1917,1.83,0.218579235,360,,166650,686,,285,285000,1263.157895,
stipe,Stipe,6,2,15,,,0.4,1917,2.23,0.179372197,455,,23784,1026,,440,440000,1034.090909,
stipe,Stipe,6,2,16,,,0.4,1917,2.36,0.169491525,407,,212635,863,,280,280000,1453.571429,
stipe,Stipe,6,2,17,,,0.4,1917,2.48,0.161290323,498,,24295,858,,500,500000,996,
stipe,Stipe,6,2,18,,,0.4,1917,2.33,0.17167382,503,,28616.971,976,,495,495000,1016.161616,
stipe,Stipe,6,2,19,,,0.4,1917,2.06,0.194174757,461,,24103.168,873,,380,380000,1213.157895,
stipe,Stipe,6,2,20,,,0.5,1917,2.42,0.20661157,469,,25308.194,949,,490,490000,957.1428571,
stipe,Stipe,7,3,11,,,0.5,1917,3.06,0.163398693,334,,20252.891,841,,350,350000,954.2857143,
stipe,Stipe,7,3,12,,,0.5,1917,2.91,0.171821306,491,,24781,1022,,440,440000,1115.909091,
stipe,Stipe,7,3,13,,,0.5,1917,2.69,0.185873606,526,,24878,995,,490,490000,1073.469388,
stipe,Stipe,7,3,14,,,0.5,1917,3.28,0.152439024,360,,166650,686,,285,285000,1263.157895,
stipe,Stipe,7,3,15,,,0.3,1917,2.72,0.110294118,455,,23784,1026,,440,440000,1034.090909,
stipe,Stipe,7,3,16,,,0.5,1917,2.69,0.185873606,407,,212635,863,,280,280000,1453.571429,
stipe,Stipe,7,3,17,,,0.5,1917,3.26,0.153374233,498,,24295,858,,500,500000,996,
stipe,Stipe,7,3,18,,,0.5,1917,3.18,0.157232704,503,,28616.971,976,,495,495000,1016.161616,
stipe,Stipe,7,3,19,,,0.5,1917,2.46,0.203252033,461,,24103.168,873,,380,380000,1213.157895,
stipe,Stipe,7,3,20,,,0.5,1917,3.02,0.165562914,469,,25308.194,949,,490,490000,957.1428571,
large poo,Poo,1,1,51,5.02,5.08,0.1,,6,0.016666667,,,0.195857696,,0.4995,,,,
large poo,Poo,1,1,52,5.13,5.24,0.1,,11,0.009090909,,,0.195857696,,0.4995,,,,
large poo,Poo,1,1,53,5.06,5.22,0.1,,16,0.00625,,,0.195857696,,0.4995,,,,
large poo,Poo,1,1,54,5.21,5.34,0.1,,13,0.007692308,,,0.195857696,,0.4995,,,,
large poo,Poo,1,1,55,5.23,5.36,0.1,,13,0.007692308,,,0.195857696,,0.4995,,,,
large poo,Poo,1,1,56,5.33,5.39,0.1,,6,0.016666667,,,0.195857696,,0.4995,,,,
large poo,Poo,1,1,57,5.33,5.39,0.1,,6,0.016666667,,,0.195857696,,0.4995,,,,
large poo,Poo,1,1,58,5.42,5.55,0.1,,13,0.007692308,,,0.195857696,,0.4995,,,,
large poo,Poo,1,1,59,5.42,5.48,0.1,,6,0.016666667,,,0.195857696,,0.4995,,,,
large poo,Poo,1,1,60,5.42,5.49,0.1,,7,0.014285714,,,0.195857696,,0.4995,,,,
large poo,Poo,1,1,61,6.07,6.15,0.1,,8,0.0125,,,0.195857696,,0.4995,,,,
large poo,Poo,1,1,62,6.48,6.53,0.1,,5,0.02,,,0.195857696,,0.4995,,,,
large poo,Poo,1,1,63,6.5,7.01,0.1,,11,0.009090909,,,0.195857696,,0.4995,,,,
large poo,Poo,1,1,64,6.52,7.03,0.1,,11,0.009090909,,,0.195857696,,0.4995,,,,
large poo,Poo,1,1,65,6.55,7.02,0.1,,7,0.014285714,,,0.195857696,,0.4995,,,,
large poo,Poo,1,1,66,6.54,7.07,0.1,,13,0.007692308,,,0.195857696,,0.4995,,,,
large poo,Poo,1,1,67,7.15,7.22,0.1,,7,0.014285714,,,0.195857696,,0.4995,,,,
large poo,Poo,1,1,111,7.28,7.47,0.1,,19,0.005263158,,,0.195857696,,0.4995,,,,
large poo,Poo,1,1,112,7.48,7.55,0.1,,7,0.014285714,,,0.195857696,,0.4995,,,,
large poo,Poo,1,1,113,7.51,7.57,0.1,,6,0.016666667,,,0.195857696,,0.4995,,,,
large poo,Poo,1,1,114,7.56,8.05,0.1,,9,0.011111111,,,0.195857696,,0.4995,,,,
large poo,Poo,1,1,115,8.14,8.2,0.1,,6,0.016666667,,,0.195857696,,0.4995,,,,
large poo,Poo,1,1,116,8.14,8.22,0.1,,8,0.0125,,,0.195857696,,0.4995,,,,
large poo,Poo,1,1,117,8.15,8.26,0.1,,11,0.009090909,,,0.195857696,,0.4995,,,,
med poo,Poo,1,1,68,5.02,5.27,0.1,,25,0.004,,,0.051646916,,0.2565,,,,
med poo,Poo,1,1,69,5.01,5.09,0.1,,8,0.0125,,,0.051646916,,0.2565,,,,
med poo,Poo,1,1,70,5.03,5.08,0.1,,5,0.02,,,0.051646916,,0.2565,,,,
med poo,Poo,1,1,71,5.03,5.08,0.1,,5,0.02,,,0.051646916,,0.2565,,,,
med poo,Poo,1,1,72,5.17,5.23,0.1,,6,0.016666667,,,0.051646916,,0.2565,,,,
med poo,Poo,1,1,73,5.14,5.22,0.1,,8,0.0125,,,0.051646916,,0.2565,,,,
med poo,Poo,1,1,74,5.33,5.42,0.1,,9,0.011111111,,,0.051646916,,0.2565,,,,
med poo,Poo,1,1,75,5.34,5.44,0.1,,10,0.01,,,0.051646916,,0.2565,,,,
med poo,Poo,1,1,76,5.43,5.49,0.1,,6,0.016666667,,,0.051646916,,0.2565,,,,
med poo,Poo,1,1,77,5.43,5.49,0.1,,6,0.016666667,,,0.051646916,,0.2565,,,,
med poo,Poo,1,1,78,5.44,5.52,0.1,,8,0.0125,,,0.051646916,,0.2565,,,,
med poo,Poo,1,1,79,6.05,6.14,0.1,,9,0.011111111,,,0.051646916,,0.2565,,,,
med poo,Poo,1,1,80,6.15,6.21,0.1,,6,0.016666667,,,0.051646916,,0.2565,,,,
med poo,Poo,1,1,81,6.15,6.21,0.1,,6,0.016666667,,,0.051646916,,0.2565,,,,
med poo,Poo,1,1,82,6.17,6.24,0.1,,7,0.014285714,,,0.051646916,,0.2565,,,,
med poo,Poo,1,1,83,6.17,6.26,0.1,,9,0.011111111,,,0.051646916,,0.2565,,,,
med poo,Poo,1,1,84,6.49,6.54,0.1,,5,0.02,,,0.051646916,,0.2565,,,,
med poo,Poo,1,1,85,6.49,6.55,0.1,,6,0.016666667,,,0.051646916,,0.2565,,,,
med poo,Poo,1,1,86,6.49,6.54,0.1,,5,0.02,,,0.051646916,,0.2565,,,,
med poo,Poo,1,1,87,6.57,7.13,0.1,,16,0.00625,,,0.051646916,,0.2565,,,,
med poo,Poo,1,1,88,7.18,7.26,0.1,,8,0.0125,,,0.051646916,,0.2565,,,,
med poo,Poo,1,1,89,7.18,7.25,0.1,,7,0.014285714,,,0.051646916,,0.2565,,,,
med poo,Poo,1,1,90,7.18,7.25,0.1,,7,0.014285714,,,0.051646916,,0.2565,,,,
med poo,Poo,1,1,91,7.2,7.31,0.1,,11,0.009090909,,,0.051646916,,0.2565,,,,
small poo,Poo,1,1,92,5.04,5.12,0.1,,8,0.0125,,,0.008987465,,0.107,,,,
small poo,Poo,1,1,93,5.13,5.21,0.1,,8,0.0125,,,0.008987465,,0.107,,,,
small poo,Poo,1,1,94,5.18,5.26,0.1,,8,0.0125,,,0.008987465,,0.107,,,,
small poo,Poo,1,1,95,5.2,5.3,0.1,,10,0.01,,,0.008987465,,0.107,,,,
small poo,Poo,1,1,96,5.19,5.3,0.1,,11,0.009090909,,,0.008987465,,0.107,,,,
small poo,Poo,1,1,97,5.2,5.3,0.1,,10,0.01,,,0.008987465,,0.107,,,,
small poo,Poo,1,1,98,5.25,5.41,0.1,,16,0.00625,,,0.008987465,,0.107,,,,
small poo,Poo,1,1,99,5.45,6,0.1,,15,0.006666667,,,0.008987465,,0.107,,,,
small poo,Poo,1,1,100,5.5,6.04,0.1,,14,0.007142857,,,0.008987465,,0.107,,,,
small poo,Poo,1,1,101,5.48,6.04,0.1,,16,0.00625,,,0.008987465,,0.107,,,,
small poo,Poo,1,1,102,6.04,6.19,0.1,,15,0.006666667,,,0.008987465,,0.107,,,,
small poo,Poo,1,1,103,6.39,6.54,0.1,,15,0.006666667,,,0.008987465,,0.107,,,,
small poo,Poo,1,1,104,6.37,6.55,0.1,,18,0.005555556,,,0.008987465,,0.107,,,,
small poo,Poo,1,1,105,6.42,7.03,0.1,,21,0.004761905,,,0.008987465,,0.107,,,,
small poo,Poo,1,1,106,6.5,6.58,0.1,,8,0.0125,,,0.008987465,,0.107,,,,
small poo,Poo,1,1,107,6.5,6.57,0.1,,7,0.014285714,,,0.008987465,,0.107,,,,
small poo,Poo,1,1,108,7.28,8.15,0.1,,47,0.00212766,,,0.008987465,,0.107,,,,
small poo,Poo,1,1,109,7.26,7.41,0.1,,15,0.006666667,,,0.008987465,,0.107,,,,
small poo,Poo,1,1,110,7.26,7.35,0.1,,9,0.011111111,,,0.008987465,,0.107,,,,
small poo,Poo,1,1,118,7.33,8.15,0.1,,42,0.002380952,,,0.008987465,,0.107,,,,
small poo,Poo,1,1,119,8.16,8.27,0.1,,11,0.009090909,,,0.008987465,,0.107,,,,
small poo,Poo,1,1,120,8.29,8.38,0.1,,9,0.011111111,,,0.008987465,,0.107,,,,
small poo,Poo,1,1,121,8.3,8.4,0.1,,10,0.01,,,0.008987465,,0.107,,,,
small poo,Poo,1,1,122,8.37,8.59,0.1,,22,0.004545455,,,0.008987465,,0.107,,,,